This is pdfTeX, Version 3.141592653-2.6-1.40.26 (TeX Live 2024) (preloaded format=pdflatex 2024.11.13)  25 APR 2026 23:32
entering extended mode
 restricted \write18 enabled.
 %&-line parsing enabled.
**paper_clean.tex
(./paper_clean.tex
LaTeX2e <2023-11-01> patch level 1
L3 programming layer <2024-02-20>
(./SciPost.cls
Document Class: SciPost 
(/usr/local/texlive/2024/texmf-dist/tex/latex/base/article.cls
Document Class: article 2023/05/17 v1.4n Standard LaTeX document class
(/usr/local/texlive/2024/texmf-dist/tex/latex/base/size11.clo
File: size11.clo 2023/05/17 v1.4n Standard LaTeX file (size option)
)
\c@part=\count188
\c@section=\count189
\c@subsection=\count190
\c@subsubsection=\count191
\c@paragraph=\count192
\c@subparagraph=\count193
\c@figure=\count194
\c@table=\count195
\abovecaptionskip=\skip48
\belowcaptionskip=\skip49
\bibindent=\dimen140
)
(/usr/local/texlive/2024/texmf-dist/tex/latex/geometry/geometry.sty
Package: geometry 2020/01/02 v5.9 Page Geometry

(/usr/local/texlive/2024/texmf-dist/tex/latex/graphics/keyval.sty
Package: keyval 2022/05/29 v1.15 key=value parser (DPC)
\KV@toks@=\toks17
)
(/usr/local/texlive/2024/texmf-dist/tex/generic/iftex/ifvtex.sty
Package: ifvtex 2019/10/25 v1.7 ifvtex legacy package. Use iftex instead.

(/usr/local/texlive/2024/texmf-dist/tex/generic/iftex/iftex.sty
Package: iftex 2022/02/03 v1.0f TeX engine tests
))
\Gm@cnth=\count196
\Gm@cntv=\count197
\c@Gm@tempcnt=\count198
\Gm@bindingoffset=\dimen141
\Gm@wd@mp=\dimen142
\Gm@odd@mp=\dimen143
\Gm@even@mp=\dimen144
\Gm@layoutwidth=\dimen145
\Gm@layoutheight=\dimen146
\Gm@layouthoffset=\dimen147
\Gm@layoutvoffset=\dimen148
\Gm@dimlist=\toks18
)
(/usr/local/texlive/2024/texmf-dist/tex/latex/tocloft/tocloft.sty
Package: tocloft 2017/08/31 v2.3i parameterised ToC, etc., typesetting
Package tocloft Info: The document has section divisions on input line 51.
\cftparskip=\skip50
\cftbeforetoctitleskip=\skip51
\cftaftertoctitleskip=\skip52
\cftbeforepartskip=\skip53
\cftpartnumwidth=\skip54
\cftpartindent=\skip55
\cftbeforesecskip=\skip56
\cftsecindent=\skip57
\cftsecnumwidth=\skip58
\cftbeforesubsecskip=\skip59
\cftsubsecindent=\skip60
\cftsubsecnumwidth=\skip61
\cftbeforesubsubsecskip=\skip62
\cftsubsubsecindent=\skip63
\cftsubsubsecnumwidth=\skip64
\cftbeforeparaskip=\skip65
\cftparaindent=\skip66
\cftparanumwidth=\skip67
\cftbeforesubparaskip=\skip68
\cftsubparaindent=\skip69
\cftsubparanumwidth=\skip70
\cftbeforeloftitleskip=\skip71
\cftafterloftitleskip=\skip72
\cftbeforefigskip=\skip73
\cftfigindent=\skip74
\cftfignumwidth=\skip75
\c@lofdepth=\count199
\c@lotdepth=\count266
\cftbeforelottitleskip=\skip76
\cftafterlottitleskip=\skip77
\cftbeforetabskip=\skip78
\cfttabindent=\skip79
\cfttabnumwidth=\skip80
)
(/usr/local/texlive/2024/texmf-dist/tex/latex/tocbibind/tocbibind.sty
Package: tocbibind 2010/10/13 v1.5k extra ToC listings
Package tocbibind Info: The document has section divisions on input line 50.


Package tocbibind Note: Using section or other style headings.

) (/usr/local/texlive/2024/texmf-dist/tex/latex/titlesec/titlesec.sty
Package: titlesec 2023/10/27 v2.16 Sectioning titles
\ttl@box=\box51
\beforetitleunit=\skip81
\aftertitleunit=\skip82
\ttl@plus=\dimen149
\ttl@minus=\dimen150
\ttl@toksa=\toks19
\titlewidth=\dimen151
\titlewidthlast=\dimen152
\titlewidthfirst=\dimen153
)
(/usr/local/texlive/2024/texmf-dist/tex/latex/base/inputenc.sty
Package: inputenc 2021/02/14 v1.3d Input encoding file
\inpenc@prehook=\toks20
\inpenc@posthook=\toks21
)
(/usr/local/texlive/2024/texmf-dist/tex/latex/doi/doi.sty
Package: doi 2018/09/09 handle doi numbers

(/usr/local/texlive/2024/texmf-dist/tex/latex/hyperref/hyperref.sty
Package: hyperref 2024-01-20 v7.01h Hypertext links for LaTeX

(/usr/local/texlive/2024/texmf-dist/tex/latex/kvsetkeys/kvsetkeys.sty
Package: kvsetkeys 2022-10-05 v1.19 Key value parser (HO)
)
(/usr/local/texlive/2024/texmf-dist/tex/generic/kvdefinekeys/kvdefinekeys.sty
Package: kvdefinekeys 2019-12-19 v1.6 Define keys (HO)
)
(/usr/local/texlive/2024/texmf-dist/tex/generic/pdfescape/pdfescape.sty
Package: pdfescape 2019/12/09 v1.15 Implements pdfTeX's escape features (HO)

(/usr/local/texlive/2024/texmf-dist/tex/generic/ltxcmds/ltxcmds.sty
Package: ltxcmds 2023-12-04 v1.26 LaTeX kernel commands for general use (HO)
)
(/usr/local/texlive/2024/texmf-dist/tex/generic/pdftexcmds/pdftexcmds.sty
Package: pdftexcmds 2020-06-27 v0.33 Utility functions of pdfTeX for LuaTeX (HO
)

(/usr/local/texlive/2024/texmf-dist/tex/generic/infwarerr/infwarerr.sty
Package: infwarerr 2019/12/03 v1.5 Providing info/warning/error messages (HO)
)
Package pdftexcmds Info: \pdf@primitive is available.
Package pdftexcmds Info: \pdf@ifprimitive is available.
Package pdftexcmds Info: \pdfdraftmode found.
))
(/usr/local/texlive/2024/texmf-dist/tex/latex/hycolor/hycolor.sty
Package: hycolor 2020-01-27 v1.10 Color options for hyperref/bookmark (HO)
)
(/usr/local/texlive/2024/texmf-dist/tex/latex/auxhook/auxhook.sty
Package: auxhook 2019-12-17 v1.6 Hooks for auxiliary files (HO)
)
(/usr/local/texlive/2024/texmf-dist/tex/latex/hyperref/nameref.sty
Package: nameref 2023-11-26 v2.56 Cross-referencing by name of section

(/usr/local/texlive/2024/texmf-dist/tex/latex/refcount/refcount.sty
Package: refcount 2019/12/15 v3.6 Data extraction from label references (HO)
)
(/usr/local/texlive/2024/texmf-dist/tex/generic/gettitlestring/gettitlestring.s
ty
Package: gettitlestring 2019/12/15 v1.6 Cleanup title references (HO)
 (/usr/local/texlive/2024/texmf-dist/tex/latex/kvoptions/kvoptions.sty
Package: kvoptions 2022-06-15 v3.15 Key value format for package options (HO)
))
\c@section@level=\count267
)
(/usr/local/texlive/2024/texmf-dist/tex/latex/etoolbox/etoolbox.sty
Package: etoolbox 2020/10/05 v2.5k e-TeX tools for LaTeX (JAW)
\etb@tempcnta=\count268
)
\@linkdim=\dimen154
\Hy@linkcounter=\count269
\Hy@pagecounter=\count270

(/usr/local/texlive/2024/texmf-dist/tex/latex/hyperref/pd1enc.def
File: pd1enc.def 2024-01-20 v7.01h Hyperref: PDFDocEncoding definition (HO)
Now handling font encoding PD1 ...
... no UTF-8 mapping file for font encoding PD1
)
(/usr/local/texlive/2024/texmf-dist/tex/generic/intcalc/intcalc.sty
Package: intcalc 2019/12/15 v1.3 Expandable calculations with integers (HO)
)
\Hy@SavedSpaceFactor=\count271

(/usr/local/texlive/2024/texmf-dist/tex/latex/hyperref/puenc.def
File: puenc.def 2024-01-20 v7.01h Hyperref: PDF Unicode definition (HO)
Now handling font encoding PU ...
... no UTF-8 mapping file for font encoding PU
)
Package hyperref Info: Hyper figures OFF on input line 4179.
Package hyperref Info: Link nesting OFF on input line 4184.
Package hyperref Info: Hyper index ON on input line 4187.
Package hyperref Info: Plain pages OFF on input line 4194.
Package hyperref Info: Backreferencing OFF on input line 4199.
Package hyperref Info: Implicit mode ON; LaTeX internals redefined.
Package hyperref Info: Bookmarks ON on input line 4446.
\c@Hy@tempcnt=\count272

(/usr/local/texlive/2024/texmf-dist/tex/latex/url/url.sty
\Urlmuskip=\muskip16
Package: url 2013/09/16  ver 3.4  Verb mode for urls, etc.
)
LaTeX Info: Redefining \url on input line 4784.
\XeTeXLinkMargin=\dimen155

(/usr/local/texlive/2024/texmf-dist/tex/generic/bitset/bitset.sty
Package: bitset 2019/12/09 v1.3 Handle bit-vector datatype (HO)

(/usr/local/texlive/2024/texmf-dist/tex/generic/bigintcalc/bigintcalc.sty
Package: bigintcalc 2019/12/15 v1.5 Expandable calculations on big integers (HO
)
))
\Fld@menulength=\count273
\Field@Width=\dimen156
\Fld@charsize=\dimen157
Package hyperref Info: Hyper figures OFF on input line 6063.
Package hyperref Info: Link nesting OFF on input line 6068.
Package hyperref Info: Hyper index ON on input line 6071.
Package hyperref Info: backreferencing OFF on input line 6078.
Package hyperref Info: Link coloring OFF on input line 6083.
Package hyperref Info: Link coloring with OCG OFF on input line 6088.
Package hyperref Info: PDF/A mode OFF on input line 6093.

(/usr/local/texlive/2024/texmf-dist/tex/latex/base/atbegshi-ltx.sty
Package: atbegshi-ltx 2021/01/10 v1.0c Emulation of the original atbegshi
package with kernel methods
)
\Hy@abspage=\count274
\c@Item=\count275
\c@Hfootnote=\count276
)
Package hyperref Info: Driver (autodetected): hpdftex.

(/usr/local/texlive/2024/texmf-dist/tex/latex/hyperref/hpdftex.def
File: hpdftex.def 2024-01-20 v7.01h Hyperref driver for pdfTeX

(/usr/local/texlive/2024/texmf-dist/tex/latex/base/atveryend-ltx.sty
Package: atveryend-ltx 2020/08/19 v1.0a Emulation of the original atveryend pac
kage
with kernel methods
)
\Fld@listcount=\count277
\c@bookmark@seq@number=\count278

(/usr/local/texlive/2024/texmf-dist/tex/latex/rerunfilecheck/rerunfilecheck.sty
Package: rerunfilecheck 2022-07-10 v1.10 Rerun checks for auxiliary files (HO)

(/usr/local/texlive/2024/texmf-dist/tex/generic/uniquecounter/uniquecounter.sty
Package: uniquecounter 2019/12/15 v1.4 Provide unlimited unique counter (HO)
)
Package uniquecounter Info: New unique counter `rerunfilecheck' on input line 2
85.
)
\Hy@SectionHShift=\skip83
)) (/usr/local/texlive/2024/texmf-dist/tex/latex/amsmath/amsmath.sty
Package: amsmath 2023/05/13 v2.17o AMS math features
\@mathmargin=\skip84

For additional information on amsmath, use the `?' option.
(/usr/local/texlive/2024/texmf-dist/tex/latex/amsmath/amstext.sty
Package: amstext 2021/08/26 v2.01 AMS text

(/usr/local/texlive/2024/texmf-dist/tex/latex/amsmath/amsgen.sty
File: amsgen.sty 1999/11/30 v2.0 generic functions
\@emptytoks=\toks22
\ex@=\dimen158
))
(/usr/local/texlive/2024/texmf-dist/tex/latex/amsmath/amsbsy.sty
Package: amsbsy 1999/11/29 v1.2d Bold Symbols
\pmbraise@=\dimen159
)
(/usr/local/texlive/2024/texmf-dist/tex/latex/amsmath/amsopn.sty
Package: amsopn 2022/04/08 v2.04 operator names
)
\inf@bad=\count279
LaTeX Info: Redefining \frac on input line 234.
\uproot@=\count280
\leftroot@=\count281
LaTeX Info: Redefining \overline on input line 399.
LaTeX Info: Redefining \colon on input line 410.
\classnum@=\count282
\DOTSCASE@=\count283
LaTeX Info: Redefining \ldots on input line 496.
LaTeX Info: Redefining \dots on input line 499.
LaTeX Info: Redefining \cdots on input line 620.
\Mathstrutbox@=\box52
\strutbox@=\box53
LaTeX Info: Redefining \big on input line 722.
LaTeX Info: Redefining \Big on input line 723.
LaTeX Info: Redefining \bigg on input line 724.
LaTeX Info: Redefining \Bigg on input line 725.
\big@size=\dimen160
LaTeX Font Info:    Redeclaring font encoding OML on input line 743.
LaTeX Font Info:    Redeclaring font encoding OMS on input line 744.
\macc@depth=\count284
LaTeX Info: Redefining \bmod on input line 905.
LaTeX Info: Redefining \pmod on input line 910.
LaTeX Info: Redefining \smash on input line 940.
LaTeX Info: Redefining \relbar on input line 970.
LaTeX Info: Redefining \Relbar on input line 971.
\c@MaxMatrixCols=\count285
\dotsspace@=\muskip17
\c@parentequation=\count286
\dspbrk@lvl=\count287
\tag@help=\toks23
\row@=\count288
\column@=\count289
\maxfields@=\count290
\andhelp@=\toks24
\eqnshift@=\dimen161
\alignsep@=\dimen162
\tagshift@=\dimen163
\tagwidth@=\dimen164
\totwidth@=\dimen165
\lineht@=\dimen166
\@envbody=\toks25
\multlinegap=\skip85
\multlinetaggap=\skip86
\mathdisplay@stack=\toks26
LaTeX Info: Redefining \[ on input line 2953.
LaTeX Info: Redefining \] on input line 2954.
)
(/usr/local/texlive/2024/texmf-dist/tex/latex/lineno/lineno.sty
Package: lineno 2023/05/20 line numbers on paragraphs v5.3
\linenopenalty=\count291
\output=\toks27
\linenoprevgraf=\count292
\linenumbersep=\dimen167
\linenumberwidth=\dimen168
\c@linenumber=\count293
\c@pagewiselinenumber=\count294
\c@LN@truepage=\count295
\c@internallinenumber=\count296
\c@internallinenumbers=\count297
\quotelinenumbersep=\dimen169
\bframerule=\dimen170
\bframesep=\dimen171
\bframebox=\box54
\linenoamsmath@ams@eqpen=\count298
LaTeX Info: Redefining \\ on input line 3180.
)
(/usr/local/texlive/2024/texmf-dist/tex/latex/fancyhdr/fancyhdr.sty
Package: fancyhdr 2022/11/09 v4.1 Extensive control of page headers and footers

\f@nch@headwidth=\skip87
\f@nch@O@elh=\skip88
\f@nch@O@erh=\skip89
\f@nch@O@olh=\skip90
\f@nch@O@orh=\skip91
\f@nch@O@elf=\skip92
\f@nch@O@erf=\skip93
\f@nch@O@olf=\skip94
\f@nch@O@orf=\skip95
)
(/usr/local/texlive/2024/texmf-dist/tex/latex/xcolor/xcolor.sty
Package: xcolor 2023/11/15 v3.01 LaTeX color extensions (UK)

(/usr/local/texlive/2024/texmf-dist/tex/latex/graphics-cfg/color.cfg
File: color.cfg 2016/01/02 v1.6 sample color configuration
)
Package xcolor Info: Driver file: pdftex.def on input line 274.

(/usr/local/texlive/2024/texmf-dist/tex/latex/graphics-def/pdftex.def
File: pdftex.def 2022/09/22 v1.2b Graphics/color driver for pdftex
)
(/usr/local/texlive/2024/texmf-dist/tex/latex/graphics/mathcolor.ltx)
Package xcolor Info: Model `cmy' substituted by `cmy0' on input line 1350.
Package xcolor Info: Model `hsb' substituted by `rgb' on input line 1354.
Package xcolor Info: Model `RGB' extended on input line 1366.
Package xcolor Info: Model `HTML' substituted by `rgb' on input line 1368.
Package xcolor Info: Model `Hsb' substituted by `hsb' on input line 1369.
Package xcolor Info: Model `tHsb' substituted by `hsb' on input line 1370.
Package xcolor Info: Model `HSB' substituted by `hsb' on input line 1371.
Package xcolor Info: Model `Gray' substituted by `gray' on input line 1372.
Package xcolor Info: Model `wave' substituted by `hsb' on input line 1373.
)
(/usr/local/texlive/2024/texmf-dist/tex/latex/graphics/graphicx.sty
Package: graphicx 2021/09/16 v1.2d Enhanced LaTeX Graphics (DPC,SPQR)

(/usr/local/texlive/2024/texmf-dist/tex/latex/graphics/graphics.sty
Package: graphics 2022/03/10 v1.4e Standard LaTeX Graphics (DPC,SPQR)

(/usr/local/texlive/2024/texmf-dist/tex/latex/graphics/trig.sty
Package: trig 2021/08/11 v1.11 sin cos tan (DPC)
)
(/usr/local/texlive/2024/texmf-dist/tex/latex/graphics-cfg/graphics.cfg
File: graphics.cfg 2016/06/04 v1.11 sample graphics configuration
)
Package graphics Info: Driver file: pdftex.def on input line 107.
)
\Gin@req@height=\dimen172
\Gin@req@width=\dimen173
)
(/usr/local/texlive/2024/texmf-dist/tex/latex/cite/cite.sty
LaTeX Info: Redefining \cite on input line 302.
LaTeX Info: Redefining \nocite on input line 332.
Package: cite 2015/02/27  v 5.5
)
(/usr/local/texlive/2024/texmf-dist/tex/latex/caption/caption.sty
Package: caption 2023/08/05 v3.6o Customizing captions (AR)

(/usr/local/texlive/2024/texmf-dist/tex/latex/caption/caption3.sty
Package: caption3 2023/07/31 v2.4d caption3 kernel (AR)
\caption@tempdima=\dimen174
\captionmargin=\dimen175
\caption@leftmargin=\dimen176
\caption@rightmargin=\dimen177
\caption@width=\dimen178
\caption@indent=\dimen179
\caption@parindent=\dimen180
\caption@hangindent=\dimen181
Package caption Info: Standard document class detected.
)
\c@caption@flags=\count299
\c@continuedfloat=\count300
Package caption Info: hyperref package is loaded.
))
(./incl_settings.tex
(/usr/local/texlive/2024/texmf-dist/tex/latex/base/fontenc.sty
Package: fontenc 2021/04/29 v2.0v Standard LaTeX package
)
(/usr/local/texlive/2024/texmf-dist/tex/generic/babel/babel.sty
Package: babel 2024/02/07 v24.2 The Babel package
\babel@savecnt=\count301
\U@D=\dimen182
\l@unhyphenated=\language89

(/usr/local/texlive/2024/texmf-dist/tex/generic/babel/txtbabel.def)
\bbl@readstream=\read2
\bbl@dirlevel=\count302

(/usr/local/texlive/2024/texmf-dist/tex/generic/babel-english/english.ldf
Language: english 2017/06/06 v3.3r English support from the babel system
Package babel Info: Hyphen rules for 'canadian' set to \l@english
(babel)             (\language0). Reported on input line 102.
Package babel Info: Hyphen rules for 'australian' set to \l@ukenglish
(babel)             (\language23). Reported on input line 105.
Package babel Info: Hyphen rules for 'newzealand' set to \l@ukenglish
(babel)             (\language23). Reported on input line 108.
))
(/usr/local/texlive/2024/texmf-dist/tex/generic/babel/locale/en/babel-english.t
ex
Package babel Info: Importing font and identification data for english
(babel)             from babel-en.ini. Reported on input line 11.
) (/usr/local/texlive/2024/texmf-dist/tex/latex/mathdesign/mathdesign.sty
Package: mathdesign 2013/08/29 v2.31 Math Design Project

(/usr/local/texlive/2024/texmf-dist/tex/latex/base/ifthen.sty
Package: ifthen 2022/04/13 v1.1d Standard LaTeX ifthen package (DPC)
)
(/usr/local/texlive/2024/texmf-dist/tex/latex/mathdesign/mdbch/mdbch.cfg)
(/usr/local/texlive/2024/texmf-dist/tex/latex/mathdesign/mdbch/mdbch.sty
Package: mdbch 2013/08/29 v2.31 bitstream bitstream charter + mdbch (Math Desig
n Project)

(/usr/local/texlive/2024/texmf-dist/tex/latex/mathdesign/mdfont.def
File: mdfont.def 2013/08/29 v2.31 (Math Design Project)
)
(/usr/local/texlive/2024/texmf-dist/tex/latex/mathdesign/mdsffont.def
File: mdsffont.def 2013/08/29 v2.31 (Math Design Project)


LaTeX Info: Font shape OT1/phv/mc/n has incorrect series value `mc'.
            It should not contain an `m'! Please correct it.
            Found on input line 53.


LaTeX Info: Font shape OT1/phv/mc/sc has incorrect series value `mc'.
            It should not contain an `m'! Please correct it.
            Found on input line 56.


LaTeX Info: Font shape OT1/phv/mc/sl has incorrect series value `mc'.
            It should not contain an `m'! Please correct it.
            Found on input line 59.


LaTeX Info: Font shape OT1/phv/mc/it has incorrect series value `mc'.
            It should not contain an `m'! Please correct it.
            Found on input line 79.


LaTeX Info: Font shape T1/phv/mc/n has incorrect series value `mc'.
            It should not contain an `m'! Please correct it.
            Found on input line 102.


LaTeX Info: Font shape T1/phv/mc/sc has incorrect series value `mc'.
            It should not contain an `m'! Please correct it.
            Found on input line 105.


LaTeX Info: Font shape T1/phv/mc/sl has incorrect series value `mc'.
            It should not contain an `m'! Please correct it.
            Found on input line 108.


LaTeX Info: Font shape T1/phv/mc/it has incorrect series value `mc'.
            It should not contain an `m'! Please correct it.
            Found on input line 128.


LaTeX Info: Font shape OT1/uhv/mc/n has incorrect series value `mc'.
            It should not contain an `m'! Please correct it.
            Found on input line 259.


LaTeX Info: Font shape OT1/uhv/mc/sc has incorrect series value `mc'.
            It should not contain an `m'! Please correct it.
            Found on input line 262.


LaTeX Info: Font shape OT1/uhv/mc/sl has incorrect series value `mc'.
            It should not contain an `m'! Please correct it.
            Found on input line 265.


LaTeX Info: Font shape OT1/uhv/mc/it has incorrect series value `mc'.
            It should not contain an `m'! Please correct it.
            Found on input line 268.


LaTeX Info: Font shape T1/uhv/mc/n has incorrect series value `mc'.
            It should not contain an `m'! Please correct it.
            Found on input line 313.


LaTeX Info: Font shape T1/uhv/mc/sc has incorrect series value `mc'.
            It should not contain an `m'! Please correct it.
            Found on input line 316.


LaTeX Info: Font shape T1/uhv/mc/sl has incorrect series value `mc'.
            It should not contain an `m'! Please correct it.
            Found on input line 319.


LaTeX Info: Font shape T1/uhv/mc/it has incorrect series value `mc'.
            It should not contain an `m'! Please correct it.
            Found on input line 322.

) (/usr/local/texlive/2024/texmf-dist/tex/latex/mathdesign/mdttfont.def
File: mdttfont.def 2013/08/29 v2.31 (Math Design Project)
)
\symmdcal=\mathgroup4
LaTeX Font Info:    Overwriting symbol font `mdcal' in version `bold'
(Font)                  OMS/mdbch/m/n --> OMS/mdbch/b/n on input line 97.
\symmdscr=\mathgroup5
LaTeX Font Info:    Overwriting symbol font `mdscr' in version `bold'
(Font)                  OMS/mdbch/m/n --> OMS/mdbch/b/n on input line 103.
LaTeX Font Info:    Overwriting math alphabet `\mathfrak' in version `bold'
(Font)                  U/xmdeuf/m/n --> U/xmdeuf/b/n on input line 110.
LaTeX Font Info:    Overwriting symbol font `operators' in version `normal'
(Font)                  OT1/cmr/m/n --> OT1/mdbch/m/n on input line 121.
LaTeX Font Info:    Overwriting symbol font `letters' in version `normal'
(Font)                  OML/cmm/m/it --> OML/mdbch/m/it on input line 122.
LaTeX Font Info:    Overwriting symbol font `symbols' in version `normal'
(Font)                  OMS/cmsy/m/n --> OMS/mdbch/m/n on input line 123.
LaTeX Font Info:    Overwriting symbol font `largesymbols' in version `normal'
(Font)                  OMX/cmex/m/n --> OMX/mdbch/m/n on input line 124.
LaTeX Font Info:    Overwriting symbol font `operators' in version `bold'
(Font)                  OT1/cmr/bx/n --> OT1/mdbch/b/n on input line 126.
LaTeX Font Info:    Overwriting symbol font `letters' in version `bold'
(Font)                  OML/cmm/b/it --> OML/mdbch/b/it on input line 127.
LaTeX Font Info:    Overwriting symbol font `symbols' in version `bold'
(Font)                  OMS/cmsy/b/n --> OMS/mdbch/b/n on input line 128.
LaTeX Font Info:    Overwriting symbol font `largesymbols' in version `bold'
(Font)                  OMX/cmex/m/n --> OMX/mdbch/b/n on input line 129.
LaTeX Font Info:    Overwriting math alphabet `\mathrm' in version `normal'
(Font)                  OT1/mdbch/m/n --> T1/mdbch/m/n on input line 131.
LaTeX Font Info:    Overwriting math alphabet `\mathbf' in version `normal'
(Font)                  OT1/cmr/bx/n --> T1/mdbch/b/n on input line 132.
LaTeX Font Info:    Overwriting math alphabet `\mathit' in version `normal'
(Font)                  OT1/cmr/m/it --> T1/mdbch/m/it on input line 133.
LaTeX Font Info:    Overwriting math alphabet `\mathsf' in version `normal'
(Font)                  OT1/cmss/m/n --> T1/cmss/m/n on input line 134.
LaTeX Font Info:    Overwriting math alphabet `\mathtt' in version `normal'
(Font)                  OT1/cmtt/m/n --> T1/cmtt/m/n on input line 135.
LaTeX Font Info:    Overwriting math alphabet `\mathrm' in version `bold'
(Font)                  OT1/mdbch/b/n --> T1/mdbch/b/n on input line 137.
LaTeX Font Info:    Overwriting math alphabet `\mathbf' in version `bold'
(Font)                  OT1/cmr/bx/n --> T1/mdbch/b/n on input line 138.
LaTeX Font Info:    Overwriting math alphabet `\mathit' in version `bold'
(Font)                  OT1/cmr/bx/it --> T1/mdbch/b/it on input line 139.
LaTeX Font Info:    Overwriting math alphabet `\mathsf' in version `bold'
(Font)                  OT1/cmss/bx/n --> T1/cmss/b/n on input line 140.
LaTeX Font Info:    Overwriting math alphabet `\mathtt' in version `bold'
(Font)                  OT1/cmtt/m/n --> T1/cmtt/b/n on input line 141.
\symlettersupright=\mathgroup6
LaTeX Font Info:    Overwriting symbol font `lettersupright' in version `bold'
(Font)                  OML/mdbch/m/n --> OML/mdbch/b/n on input line 144.
LaTeX Font Info:    Redeclaring math alphabet \mathrm on input line 145.
LaTeX Font Info:    Overwriting math alphabet `\mathcal' in version `normal'
(Font)                  OMS/mdbch/m/n --> OMS/mdbch/m/n on input line 167.

(/usr/local/texlive/2024/texmf-dist/tex/latex/xkeyval/xkeyval.sty
Package: xkeyval 2022/06/16 v2.9 package option processing (HA)

(/usr/local/texlive/2024/texmf-dist/tex/generic/xkeyval/xkeyval.tex
(/usr/local/texlive/2024/texmf-dist/tex/generic/xkeyval/xkvutils.tex
\XKV@toks=\toks28
\XKV@tempa@toks=\toks29
)
\XKV@depth=\count303
File: xkeyval.tex 2014/12/03 v2.7a key=value parser (HA)
))
LaTeX Font Info:    Trying to load font information for T1+mdbch on input line 
186.

(/usr/local/texlive/2024/texmf-dist/tex/latex/mathdesign/mdbch/t1mdbch.fd
File: t1mdbch.fd 2013/08/29 Fontinst v1.933 font definitions for T1/mdbch.
)
LaTeX Font Info:    Font shape `T1/mdbch/m/n' will be
(Font)              scaled to size 10.51207pt on input line 186.
LaTeX Font Info:    Redeclaring math accent \widetilde on input line 449.
LaTeX Font Info:    Redeclaring math accent \widehat on input line 450.
Now handling font encoding MDA ...
... no UTF-8 mapping file for font encoding MDA
\symmathdesignA=\mathgroup7
LaTeX Font Info:    Overwriting symbol font `mathdesignA' in version `bold'
(Font)                  MDA/mdbch/m/n --> MDA/mdbch/b/n on input line 491.
Now handling font encoding MDB ...
... no UTF-8 mapping file for font encoding MDB
\symmathdesignB=\mathgroup8
LaTeX Font Info:    Overwriting symbol font `mathdesignB' in version `bold'
(Font)                  MDB/mdbch/m/n --> MDB/mdbch/b/n on input line 498.
LaTeX Font Info:    Redeclaring math accent \widetilde on input line 532.
LaTeX Font Info:    Redeclaring math accent \widehat on input line 533.
\rulethickness=\skip96
)
(/usr/local/texlive/2024/texmf-dist/tex/latex/base/fontenc.sty
Package: fontenc 2021/04/29 v2.0v Standard LaTeX package
))
(/usr/local/texlive/2024/texmf-dist/tex/latex/mathtools/mathtools.sty
Package: mathtools 2024/03/11 v1.30 mathematical typesetting tools

(/usr/local/texlive/2024/texmf-dist/tex/latex/tools/calc.sty
Package: calc 2023/07/08 v4.3 Infix arithmetic (KKT,FJ)
\calc@Acount=\count304
\calc@Bcount=\count305
\calc@Adimen=\dimen183
\calc@Bdimen=\dimen184
\calc@Askip=\skip97
\calc@Bskip=\skip98
LaTeX Info: Redefining \setlength on input line 80.
LaTeX Info: Redefining \addtolength on input line 81.
\calc@Ccount=\count306
\calc@Cskip=\skip99
)
(/usr/local/texlive/2024/texmf-dist/tex/latex/mathtools/mhsetup.sty
Package: mhsetup 2021/03/18 v1.4 programming setup (MH)
)
\g_MT_multlinerow_int=\count307
\l_MT_multwidth_dim=\dimen185
\origjot=\skip100
\l_MT_shortvdotswithinadjustabove_dim=\dimen186
\l_MT_shortvdotswithinadjustbelow_dim=\dimen187
\l_MT_above_intertext_sep=\dimen188
\l_MT_below_intertext_sep=\dimen189
\l_MT_above_shortintertext_sep=\dimen190
\l_MT_below_shortintertext_sep=\dimen191
\xmathstrut@box=\box55
\xmathstrut@dim=\dimen192
)
(/usr/local/texlive/2024/texmf-dist/tex/latex/float/float.sty
Package: float 2001/11/08 v1.3d Float enhancements (AL)
\c@float@type=\count308
\float@exts=\toks30
\float@box=\box56
\@float@everytoks=\toks31
\@floatcapt=\box57
)
(/usr/local/texlive/2024/texmf-dist/tex/latex/tools/tabularx.sty
Package: tabularx 2023/07/08 v2.11c `tabularx' package (DPC)

(/usr/local/texlive/2024/texmf-dist/tex/latex/tools/array.sty
Package: array 2023/10/16 v2.5g Tabular extension package (FMi)
\col@sep=\dimen193
\ar@mcellbox=\box58
\extrarowheight=\dimen194
\NC@list=\toks32
\extratabsurround=\skip101
\backup@length=\skip102
\ar@cellbox=\box59
)
\TX@col@width=\dimen195
\TX@old@table=\dimen196
\TX@old@col=\dimen197
\TX@target=\dimen198
\TX@delta=\dimen199
\TX@cols=\count309
\TX@ftn=\toks33
)
(/usr/local/texlive/2024/texmf-dist/tex/latex/booktabs/booktabs.sty
Package: booktabs 2020/01/12 v1.61803398 Publication quality tables
\heavyrulewidth=\dimen256
\lightrulewidth=\dimen257
\cmidrulewidth=\dimen258
\belowrulesep=\dimen259
\belowbottomsep=\dimen260
\aboverulesep=\dimen261
\abovetopsep=\dimen262
\cmidrulesep=\dimen263
\cmidrulekern=\dimen264
\defaultaddspace=\dimen265
\@cmidla=\count310
\@cmidlb=\count311
\@aboverulesep=\dimen266
\@belowrulesep=\dimen267
\@thisruleclass=\count312
\@lastruleclass=\count313
\@thisrulewidth=\dimen268
)
(/usr/local/texlive/2024/texmf-dist/tex/latex/pdfpages/pdfpages.sty
Package: pdfpages 2024/01/21 v0.5y Insert pages of external PDF documents (AM)

(/usr/local/texlive/2024/texmf-dist/tex/latex/eso-pic/eso-pic.sty
Package: eso-pic 2023/05/03 v3.0c eso-pic (RN)
\ESO@tempdima=\dimen269
\ESO@tempdimb=\dimen270
)
\AM@pagewidth=\dimen271
\AM@pageheight=\dimen272
\AM@fboxrule=\dimen273

(/usr/local/texlive/2024/texmf-dist/tex/latex/pdfpages/pppdftex.def
File: pppdftex.def 2024/01/21 v0.5y Pdfpages driver for pdfTeX (AM)
)
\pdfpages@includegraphics@status=\count314
\AM@pagebox=\box60
\AM@global@opts=\toks34
\AM@pagecnt=\count315
\AM@toc@title=\toks35
\AM@lof@heading=\toks36
\c@AM@survey=\count316
\AM@templatesizebox=\box61
)
(/usr/local/texlive/2024/texmf-dist/tex/latex/extarrows/extarrows.sty
Package: extarrows 2020/03/12 v1.2.0 Some extensible arrows
)
(/usr/local/texlive/2024/texmf-dist/tex/latex/multirow/multirow.sty
Package: multirow 2021/03/15 v2.8 Span multiple rows of a table
\multirow@colwidth=\skip103
\multirow@cntb=\count317
\multirow@dima=\skip104
\bigstrutjot=\dimen274
)
(/usr/local/texlive/2024/texmf-dist/tex/latex/tools/multicol.sty
Package: multicol 2023/03/30 v1.9f multicolumn formatting (FMi)
\c@tracingmulticols=\count318
\mult@box=\box62
\multicol@leftmargin=\dimen275
\c@unbalance=\count319
\c@collectmore=\count320
\doublecol@number=\count321
\multicoltolerance=\count322
\multicolpretolerance=\count323
\full@width=\dimen276
\page@free=\dimen277
\premulticols=\dimen278
\postmulticols=\dimen279
\multicolsep=\skip105
\multicolbaselineskip=\skip106
\partial@page=\box63
\last@line=\box64
\mc@boxedresult=\box65
\maxbalancingoverflow=\dimen280
\mult@rightbox=\box66
\mult@grightbox=\box67
\mult@firstbox=\box68
\mult@gfirstbox=\box69
\@tempa=\box70
\@tempa=\box71
\@tempa=\box72
\@tempa=\box73
\@tempa=\box74
\@tempa=\box75
\@tempa=\box76
\@tempa=\box77
\@tempa=\box78
\@tempa=\box79
\@tempa=\box80
\@tempa=\box81
\@tempa=\box82
\@tempa=\box83
\@tempa=\box84
\@tempa=\box85
\@tempa=\box86
\@tempa=\box87
\@tempa=\box88
\@tempa=\box89
\@tempa=\box90
\@tempa=\box91
\@tempa=\box92
\@tempa=\box93
\@tempa=\box94
\@tempa=\box95
\@tempa=\box96
\@tempa=\box97
\@tempa=\box98
\@tempa=\box99
\@tempa=\box100
\@tempa=\box101
\@tempa=\box102
\@tempa=\box103
\@tempa=\box104
\@tempa=\box105
\c@minrows=\count324
\c@columnbadness=\count325
\c@finalcolumnbadness=\count326
\last@try=\dimen281
\multicolovershoot=\dimen282
\multicolundershoot=\dimen283
\mult@nat@firstbox=\box106
\colbreak@box=\box107
\mc@col@check@num=\count327
)
(/usr/local/texlive/2024/texmf-dist/tex/latex/enumitem/enumitem.sty
Package: enumitem 2019/06/20 v3.9 Customized lists
\labelindent=\skip107
\enit@outerparindent=\dimen284
\enit@toks=\toks37
\enit@inbox=\box108
\enit@count@id=\count328
\enitdp@description=\count329
)
(/usr/local/texlive/2024/texmf-dist/tex/latex/tools/xspace.sty
Package: xspace 2014/10/28 v1.13 Space after command names (DPC,MH)
)
(/usr/local/texlive/2024/texmf-dist/tex/latex/oberdiek/stackrel.sty
Package: stackrel 2016/05/16 v1.3 Adding subscript option to stackrel (HO)

(/usr/local/texlive/2024/texmf-dist/tex/generic/etexcmds/etexcmds.sty
Package: etexcmds 2019/12/15 v1.7 Avoid name clashes with e-TeX commands (HO)
))
(/usr/local/texlive/2024/texmf-dist/tex/latex/pgf/frontendlayer/tikz.sty
(/usr/local/texlive/2024/texmf-dist/tex/latex/pgf/basiclayer/pgf.sty
(/usr/local/texlive/2024/texmf-dist/tex/latex/pgf/utilities/pgfrcs.sty
(/usr/local/texlive/2024/texmf-dist/tex/generic/pgf/utilities/pgfutil-common.te
x
\pgfutil@everybye=\toks38
\pgfutil@tempdima=\dimen285
\pgfutil@tempdimb=\dimen286
)
(/usr/local/texlive/2024/texmf-dist/tex/generic/pgf/utilities/pgfutil-latex.def
\pgfutil@abb=\box109
) (/usr/local/texlive/2024/texmf-dist/tex/generic/pgf/utilities/pgfrcs.code.tex
(/usr/local/texlive/2024/texmf-dist/tex/generic/pgf/pgf.revision.tex)
Package: pgfrcs 2023-01-15 v3.1.10 (3.1.10)
))
Package: pgf 2023-01-15 v3.1.10 (3.1.10)

(/usr/local/texlive/2024/texmf-dist/tex/latex/pgf/basiclayer/pgfcore.sty
(/usr/local/texlive/2024/texmf-dist/tex/latex/pgf/systemlayer/pgfsys.sty
(/usr/local/texlive/2024/texmf-dist/tex/generic/pgf/systemlayer/pgfsys.code.tex
Package: pgfsys 2023-01-15 v3.1.10 (3.1.10)
(/usr/local/texlive/2024/texmf-dist/tex/generic/pgf/utilities/pgfkeys.code.tex
\pgfkeys@pathtoks=\toks39
\pgfkeys@temptoks=\toks40

(/usr/local/texlive/2024/texmf-dist/tex/generic/pgf/utilities/pgfkeyslibraryfil
tered.code.tex
\pgfkeys@tmptoks=\toks41
))
\pgf@x=\dimen287
\pgf@y=\dimen288
\pgf@xa=\dimen289
\pgf@ya=\dimen290
\pgf@xb=\dimen291
\pgf@yb=\dimen292
\pgf@xc=\dimen293
\pgf@yc=\dimen294
\pgf@xd=\dimen295
\pgf@yd=\dimen296
\w@pgf@writea=\write3
\r@pgf@reada=\read3
\c@pgf@counta=\count330
\c@pgf@countb=\count331
\c@pgf@countc=\count332
\c@pgf@countd=\count333
\t@pgf@toka=\toks42
\t@pgf@tokb=\toks43
\t@pgf@tokc=\toks44
\pgf@sys@id@count=\count334

(/usr/local/texlive/2024/texmf-dist/tex/generic/pgf/systemlayer/pgf.cfg
File: pgf.cfg 2023-01-15 v3.1.10 (3.1.10)
)
Driver file for pgf: pgfsys-pdftex.def

(/usr/local/texlive/2024/texmf-dist/tex/generic/pgf/systemlayer/pgfsys-pdftex.d
ef
File: pgfsys-pdftex.def 2023-01-15 v3.1.10 (3.1.10)

(/usr/local/texlive/2024/texmf-dist/tex/generic/pgf/systemlayer/pgfsys-common-p
df.def
File: pgfsys-common-pdf.def 2023-01-15 v3.1.10 (3.1.10)
)))
(/usr/local/texlive/2024/texmf-dist/tex/generic/pgf/systemlayer/pgfsyssoftpath.
code.tex
File: pgfsyssoftpath.code.tex 2023-01-15 v3.1.10 (3.1.10)
\pgfsyssoftpath@smallbuffer@items=\count335
\pgfsyssoftpath@bigbuffer@items=\count336
)
(/usr/local/texlive/2024/texmf-dist/tex/generic/pgf/systemlayer/pgfsysprotocol.
code.tex
File: pgfsysprotocol.code.tex 2023-01-15 v3.1.10 (3.1.10)
))
(/usr/local/texlive/2024/texmf-dist/tex/generic/pgf/basiclayer/pgfcore.code.tex
Package: pgfcore 2023-01-15 v3.1.10 (3.1.10)
(/usr/local/texlive/2024/texmf-dist/tex/generic/pgf/math/pgfmath.code.tex
(/usr/local/texlive/2024/texmf-dist/tex/generic/pgf/math/pgfmathutil.code.tex)
(/usr/local/texlive/2024/texmf-dist/tex/generic/pgf/math/pgfmathparser.code.tex
\pgfmath@dimen=\dimen297
\pgfmath@count=\count337
\pgfmath@box=\box110
\pgfmath@toks=\toks45
\pgfmath@stack@operand=\toks46
\pgfmath@stack@operation=\toks47
)
(/usr/local/texlive/2024/texmf-dist/tex/generic/pgf/math/pgfmathfunctions.code.
tex)
(/usr/local/texlive/2024/texmf-dist/tex/generic/pgf/math/pgfmathfunctions.basic
.code.tex)
(/usr/local/texlive/2024/texmf-dist/tex/generic/pgf/math/pgfmathfunctions.trigo
nometric.code.tex)
(/usr/local/texlive/2024/texmf-dist/tex/generic/pgf/math/pgfmathfunctions.rando
m.code.tex)
(/usr/local/texlive/2024/texmf-dist/tex/generic/pgf/math/pgfmathfunctions.compa
rison.code.tex)
(/usr/local/texlive/2024/texmf-dist/tex/generic/pgf/math/pgfmathfunctions.base.
code.tex)
(/usr/local/texlive/2024/texmf-dist/tex/generic/pgf/math/pgfmathfunctions.round
.code.tex)
(/usr/local/texlive/2024/texmf-dist/tex/generic/pgf/math/pgfmathfunctions.misc.
code.tex)
(/usr/local/texlive/2024/texmf-dist/tex/generic/pgf/math/pgfmathfunctions.integ
erarithmetics.code.tex)
(/usr/local/texlive/2024/texmf-dist/tex/generic/pgf/math/pgfmathcalc.code.tex)
(/usr/local/texlive/2024/texmf-dist/tex/generic/pgf/math/pgfmathfloat.code.tex
\c@pgfmathroundto@lastzeros=\count338
)) (/usr/local/texlive/2024/texmf-dist/tex/generic/pgf/math/pgfint.code.tex)
(/usr/local/texlive/2024/texmf-dist/tex/generic/pgf/basiclayer/pgfcorepoints.co
de.tex
File: pgfcorepoints.code.tex 2023-01-15 v3.1.10 (3.1.10)
\pgf@picminx=\dimen298
\pgf@picmaxx=\dimen299
\pgf@picminy=\dimen300
\pgf@picmaxy=\dimen301
\pgf@pathminx=\dimen302
\pgf@pathmaxx=\dimen303
\pgf@pathminy=\dimen304
\pgf@pathmaxy=\dimen305
\pgf@xx=\dimen306
\pgf@xy=\dimen307
\pgf@yx=\dimen308
\pgf@yy=\dimen309
\pgf@zx=\dimen310
\pgf@zy=\dimen311
)
(/usr/local/texlive/2024/texmf-dist/tex/generic/pgf/basiclayer/pgfcorepathconst
ruct.code.tex
File: pgfcorepathconstruct.code.tex 2023-01-15 v3.1.10 (3.1.10)
\pgf@path@lastx=\dimen312
\pgf@path@lasty=\dimen313
)
(/usr/local/texlive/2024/texmf-dist/tex/generic/pgf/basiclayer/pgfcorepathusage
.code.tex
File: pgfcorepathusage.code.tex 2023-01-15 v3.1.10 (3.1.10)
\pgf@shorten@end@additional=\dimen314
\pgf@shorten@start@additional=\dimen315
)
(/usr/local/texlive/2024/texmf-dist/tex/generic/pgf/basiclayer/pgfcorescopes.co
de.tex
File: pgfcorescopes.code.tex 2023-01-15 v3.1.10 (3.1.10)
\pgfpic=\box111
\pgf@hbox=\box112
\pgf@layerbox@main=\box113
\pgf@picture@serial@count=\count339
)
(/usr/local/texlive/2024/texmf-dist/tex/generic/pgf/basiclayer/pgfcoregraphicst
ate.code.tex
File: pgfcoregraphicstate.code.tex 2023-01-15 v3.1.10 (3.1.10)
\pgflinewidth=\dimen316
)
(/usr/local/texlive/2024/texmf-dist/tex/generic/pgf/basiclayer/pgfcoretransform
ations.code.tex
File: pgfcoretransformations.code.tex 2023-01-15 v3.1.10 (3.1.10)
\pgf@pt@x=\dimen317
\pgf@pt@y=\dimen318
\pgf@pt@temp=\dimen319
)
(/usr/local/texlive/2024/texmf-dist/tex/generic/pgf/basiclayer/pgfcorequick.cod
e.tex
File: pgfcorequick.code.tex 2023-01-15 v3.1.10 (3.1.10)
)
(/usr/local/texlive/2024/texmf-dist/tex/generic/pgf/basiclayer/pgfcoreobjects.c
ode.tex
File: pgfcoreobjects.code.tex 2023-01-15 v3.1.10 (3.1.10)
)
(/usr/local/texlive/2024/texmf-dist/tex/generic/pgf/basiclayer/pgfcorepathproce
ssing.code.tex
File: pgfcorepathprocessing.code.tex 2023-01-15 v3.1.10 (3.1.10)
)
(/usr/local/texlive/2024/texmf-dist/tex/generic/pgf/basiclayer/pgfcorearrows.co
de.tex
File: pgfcorearrows.code.tex 2023-01-15 v3.1.10 (3.1.10)
\pgfarrowsep=\dimen320
)
(/usr/local/texlive/2024/texmf-dist/tex/generic/pgf/basiclayer/pgfcoreshade.cod
e.tex
File: pgfcoreshade.code.tex 2023-01-15 v3.1.10 (3.1.10)
\pgf@max=\dimen321
\pgf@sys@shading@range@num=\count340
\pgf@shadingcount=\count341
)
(/usr/local/texlive/2024/texmf-dist/tex/generic/pgf/basiclayer/pgfcoreimage.cod
e.tex
File: pgfcoreimage.code.tex 2023-01-15 v3.1.10 (3.1.10)
)
(/usr/local/texlive/2024/texmf-dist/tex/generic/pgf/basiclayer/pgfcoreexternal.
code.tex
File: pgfcoreexternal.code.tex 2023-01-15 v3.1.10 (3.1.10)
\pgfexternal@startupbox=\box114
)
(/usr/local/texlive/2024/texmf-dist/tex/generic/pgf/basiclayer/pgfcorelayers.co
de.tex
File: pgfcorelayers.code.tex 2023-01-15 v3.1.10 (3.1.10)
)
(/usr/local/texlive/2024/texmf-dist/tex/generic/pgf/basiclayer/pgfcoretranspare
ncy.code.tex
File: pgfcoretransparency.code.tex 2023-01-15 v3.1.10 (3.1.10)
)
(/usr/local/texlive/2024/texmf-dist/tex/generic/pgf/basiclayer/pgfcorepatterns.
code.tex
File: pgfcorepatterns.code.tex 2023-01-15 v3.1.10 (3.1.10)
)
(/usr/local/texlive/2024/texmf-dist/tex/generic/pgf/basiclayer/pgfcorerdf.code.
tex
File: pgfcorerdf.code.tex 2023-01-15 v3.1.10 (3.1.10)
)))
(/usr/local/texlive/2024/texmf-dist/tex/generic/pgf/modules/pgfmoduleshapes.cod
e.tex
File: pgfmoduleshapes.code.tex 2023-01-15 v3.1.10 (3.1.10)
\pgfnodeparttextbox=\box115
)
(/usr/local/texlive/2024/texmf-dist/tex/generic/pgf/modules/pgfmoduleplot.code.
tex
File: pgfmoduleplot.code.tex 2023-01-15 v3.1.10 (3.1.10)
)
(/usr/local/texlive/2024/texmf-dist/tex/latex/pgf/compatibility/pgfcomp-version
-0-65.sty
Package: pgfcomp-version-0-65 2023-01-15 v3.1.10 (3.1.10)
\pgf@nodesepstart=\dimen322
\pgf@nodesepend=\dimen323
)
(/usr/local/texlive/2024/texmf-dist/tex/latex/pgf/compatibility/pgfcomp-version
-1-18.sty
Package: pgfcomp-version-1-18 2023-01-15 v3.1.10 (3.1.10)
))
(/usr/local/texlive/2024/texmf-dist/tex/latex/pgf/utilities/pgffor.sty
(/usr/local/texlive/2024/texmf-dist/tex/latex/pgf/utilities/pgfkeys.sty
(/usr/local/texlive/2024/texmf-dist/tex/generic/pgf/utilities/pgfkeys.code.tex)
) (/usr/local/texlive/2024/texmf-dist/tex/latex/pgf/math/pgfmath.sty
(/usr/local/texlive/2024/texmf-dist/tex/generic/pgf/math/pgfmath.code.tex))
(/usr/local/texlive/2024/texmf-dist/tex/generic/pgf/utilities/pgffor.code.tex
Package: pgffor 2023-01-15 v3.1.10 (3.1.10)
\pgffor@iter=\dimen324
\pgffor@skip=\dimen325
\pgffor@stack=\toks48
\pgffor@toks=\toks49
))
(/usr/local/texlive/2024/texmf-dist/tex/generic/pgf/frontendlayer/tikz/tikz.cod
e.tex
Package: tikz 2023-01-15 v3.1.10 (3.1.10)

(/usr/local/texlive/2024/texmf-dist/tex/generic/pgf/libraries/pgflibraryplothan
dlers.code.tex
File: pgflibraryplothandlers.code.tex 2023-01-15 v3.1.10 (3.1.10)
\pgf@plot@mark@count=\count342
\pgfplotmarksize=\dimen326
)
\tikz@lastx=\dimen327
\tikz@lasty=\dimen328
\tikz@lastxsaved=\dimen329
\tikz@lastysaved=\dimen330
\tikz@lastmovetox=\dimen331
\tikz@lastmovetoy=\dimen332
\tikzleveldistance=\dimen333
\tikzsiblingdistance=\dimen334
\tikz@figbox=\box116
\tikz@figbox@bg=\box117
\tikz@tempbox=\box118
\tikz@tempbox@bg=\box119
\tikztreelevel=\count343
\tikznumberofchildren=\count344
\tikznumberofcurrentchild=\count345
\tikz@fig@count=\count346

(/usr/local/texlive/2024/texmf-dist/tex/generic/pgf/modules/pgfmodulematrix.cod
e.tex
File: pgfmodulematrix.code.tex 2023-01-15 v3.1.10 (3.1.10)
\pgfmatrixcurrentrow=\count347
\pgfmatrixcurrentcolumn=\count348
\pgf@matrix@numberofcolumns=\count349
)
\tikz@expandcount=\count350

(/usr/local/texlive/2024/texmf-dist/tex/generic/pgf/frontendlayer/tikz/librarie
s/tikzlibrarytopaths.code.tex
File: tikzlibrarytopaths.code.tex 2023-01-15 v3.1.10 (3.1.10)
)))
(/usr/local/texlive/2024/texmf-dist/tex/latex/braket/braket.sty)
(/usr/local/texlive/2024/texmf-dist/tex/latex/tools/bm.sty
Package: bm 2023/07/08 v1.2f Bold Symbol Support (DPC/FMi)
\symboldoperators=\mathgroup9
\symboldletters=\mathgroup10
\symboldsymbols=\mathgroup11
\symboldlargesymbols=\mathgroup12
LaTeX Font Info:    Redeclaring math alphabet \mathbf on input line 149.
)
(/usr/local/texlive/2024/texmf-dist/tex/latex/tensor/tensor.sty
Package: tensor 2023/07/18 v2.2 tensor indices package (PGR)
\tnsr@Sps=\toks50
\tnsr@Sbs=\toks51
\tnsr@Spe=\toks52
\tnsr@Sbe=\toks53
\ncld@Mno=\toks54
)
(/usr/local/texlive/2024/texmf-dist/tex/latex/carlisle/slashed.sty
Package: slashed 1997/01/16 v0.01 Feynman Slashed Character Notation (DPC)
)
(/usr/local/texlive/2024/texmf-dist/tex/latex/siunitx/siunitx.sty
Package: siunitx 2024-02-15 v3.3.12 A comprehensive (SI) units package
\l__siunitx_number_uncert_offset_int=\count351
\l__siunitx_number_exponent_fixed_int=\count352
\l__siunitx_number_min_decimal_int=\count353
\l__siunitx_number_min_integer_int=\count354
\l__siunitx_number_round_precision_int=\count355
\l__siunitx_number_lower_threshold_int=\count356
\l__siunitx_number_upper_threshold_int=\count357
\l__siunitx_number_group_first_int=\count358
\l__siunitx_number_group_size_int=\count359
\l__siunitx_number_group_minimum_int=\count360
\l__siunitx_angle_tmp_dim=\dimen335
\l__siunitx_angle_marker_box=\box120
\l__siunitx_angle_unit_box=\box121
\l__siunitx_compound_count_int=\count361

(/usr/local/texlive/2024/texmf-dist/tex/latex/translations/translations.sty
Package: translations 2022/02/05 v1.12 internationalization of LaTeX2e packages
 (CN)
)
\l__siunitx_table_tmp_box=\box122
\l__siunitx_table_tmp_dim=\dimen336
\l__siunitx_table_column_width_dim=\dimen337
\l__siunitx_table_integer_box=\box123
\l__siunitx_table_decimal_box=\box124
\l__siunitx_table_uncert_box=\box125
\l__siunitx_table_before_box=\box126
\l__siunitx_table_after_box=\box127
\l__siunitx_table_before_dim=\dimen338
\l__siunitx_table_carry_dim=\dimen339
\l__siunitx_unit_tmp_int=\count362
\l__siunitx_unit_position_int=\count363
\l__siunitx_unit_total_int=\count364
)
(/usr/local/texlive/2024/texmf-dist/tex/latex/lastpage/lastpage.sty
Package: lastpage 2023/10/14 v2.0e lastpage: 2.09 or 2e? (HMM)

(/usr/local/texlive/2024/texmf-dist/tex/latex/lastpage/lastpage2e.sty
Package: lastpage2e 2023/10/14 v2.0e Decide which 2e lastpage version to use (H
MM)

(/usr/local/texlive/2024/texmf-dist/tex/latex/lastpage/lastpagemodern.sty
Package: lastpagemodern 2023-10-14 v2.0e Refers to last page's name (HMM; JPG)
\c@lastpagecount=\count365
) 
)) (/usr/local/texlive/2024/texmf-dist/tex/generic/ulem/ulem.sty
\UL@box=\box128
\UL@hyphenbox=\box129
\UL@skip=\skip108
\UL@hook=\toks55
\UL@height=\dimen340
\UL@pe=\count366
\UL@pixel=\dimen341
\ULC@box=\box130
Package: ulem 2019/11/18
\ULdepth=\dimen342
)
(/usr/local/texlive/2024/texmf-dist/tex/latex/fontawesome/fontawesome.sty
Package: fontawesome 2016/05/15 v4.6.3.1 font awesome icons

(/usr/local/texlive/2024/texmf-dist/tex/generic/iftex/ifxetex.sty
Package: ifxetex 2019/10/25 v0.7 ifxetex legacy package. Use iftex instead.
)
(/usr/local/texlive/2024/texmf-dist/tex/generic/iftex/ifluatex.sty
Package: ifluatex 2019/10/25 v1.5 ifluatex legacy package. Use iftex instead.
)
(/usr/local/texlive/2024/texmf-dist/tex/latex/fontawesome/fontawesomesymbols-ge
neric.tex)
(/usr/local/texlive/2024/texmf-dist/tex/latex/fontawesome/fontawesomesymbols-pd
ftex.tex))
(/usr/local/texlive/2024/texmf-dist/tex/latex/tcolorbox/tcolorbox.sty
Package: tcolorbox 2024/01/10 version 6.2.0 text color boxes

(/usr/local/texlive/2024/texmf-dist/tex/latex/tools/verbatim.sty
Package: verbatim 2023-11-06 v1.5v LaTeX2e package for verbatim enhancements
\every@verbatim=\toks56
\verbatim@line=\toks57
\verbatim@in@stream=\read4
)
(/usr/local/texlive/2024/texmf-dist/tex/latex/environ/environ.sty
Package: environ 2014/05/04 v0.3 A new way to define environments

(/usr/local/texlive/2024/texmf-dist/tex/latex/trimspaces/trimspaces.sty
Package: trimspaces 2009/09/17 v1.1 Trim spaces around a token list
))
\tcb@titlebox=\box131
\tcb@upperbox=\box132
\tcb@lowerbox=\box133
\tcb@phantombox=\box134
\c@tcbbreakpart=\count367
\c@tcblayer=\count368
\c@tcolorbox@number=\count369
\l__tcobox_tmpa_box=\box135
\l__tcobox_tmpa_dim=\dimen343
\tcb@temp=\box136
\tcb@temp=\box137
\tcb@temp=\box138
\tcb@temp=\box139

(/usr/local/texlive/2024/texmf-dist/tex/latex/tcolorbox/tcbraster.code.tex
Library (tcolorbox): 'tcbraster.code.tex' version '6.2.0'
\c@tcbrastercolumn=\count370
\c@tcbrasterrow=\count371
\c@tcbrasternum=\count372
\c@tcbraster=\count373
) (/usr/local/texlive/2024/texmf-dist/tex/latex/tcolorbox/tcbskins.code.tex
Library (tcolorbox): 'tcbskins.code.tex' version '6.2.0'
(/usr/local/texlive/2024/texmf-dist/tex/latex/tikzfill/tikzfill.image.sty
Package: tikzfill.image 2023/08/08 v1.0.1 Image filling library for TikZ

(/usr/local/texlive/2024/texmf-dist/tex/latex/tikzfill/tikzfill-common.sty
Package: tikzfill-common 2023/08/08 v1.0.1 Auxiliary code for tikzfill
)
(/usr/local/texlive/2024/texmf-dist/tex/latex/tikzfill/tikzlibraryfill.image.co
de.tex
File: tikzlibraryfill.image.code.tex 2023/08/08 v1.0.1 Image filling library
\l__tikzfill_img_box=\box140
))
(/usr/local/texlive/2024/texmf-dist/tex/latex/tcolorbox/tcbskinsjigsaw.code.tex
Library (tcolorbox): 'tcbskinsjigsaw.code.tex' version '6.2.0'
))
(/usr/local/texlive/2024/texmf-dist/tex/latex/tcolorbox/tcbbreakable.code.tex
Library (tcolorbox): 'tcbbreakable.code.tex' version '6.2.0'
(/usr/local/texlive/2024/texmf-dist/tex/latex/pdfcol/pdfcol.sty
Package: pdfcol 2022-09-21 v1.7 Handle new color stacks for pdfTeX (HO)
)
Package pdfcol Info: New color stack `tcb@breakable' = 1 on input line 23.
\tcb@testbox=\box141
\tcb@totalupperbox=\box142
\tcb@totallowerbox=\box143
)
(/usr/local/texlive/2024/texmf-dist/tex/latex/tcolorbox/tcbhooks.code.tex
Library (tcolorbox): 'tcbhooks.code.tex' version '6.2.0'
) (/usr/local/texlive/2024/texmf-dist/tex/latex/tcolorbox/tcbtheorems.code.tex
Library (tcolorbox): 'tcbtheorems.code.tex' version '6.2.0'
) (/usr/local/texlive/2024/texmf-dist/tex/latex/tcolorbox/tcbfitting.code.tex
Library (tcolorbox): 'tcbfitting.code.tex' version '6.2.0'
\tcbfitdim=\dimen344
\tcb@lowerfitdim=\dimen345
\tcb@upperfitdim=\dimen346
\tcb@cur@hbadness=\count374
)
(/usr/local/texlive/2024/texmf-dist/tex/latex/tcolorbox/tcblistingsutf8.code.te
x
Library (tcolorbox): 'tcblistingsutf8.code.tex' version '6.2.0'
(/usr/local/texlive/2024/texmf-dist/tex/latex/tcolorbox/tcblistings.code.tex
Library (tcolorbox): 'tcblistings.code.tex' version '6.2.0'
(/usr/local/texlive/2024/texmf-dist/tex/latex/listings/listings.sty
\lst@mode=\count375
\lst@gtempboxa=\box144
\lst@token=\toks58
\lst@length=\count376
\lst@currlwidth=\dimen347
\lst@column=\count377
\lst@pos=\count378
\lst@lostspace=\dimen348
\lst@width=\dimen349
\lst@newlines=\count379
\lst@lineno=\count380
\lst@maxwidth=\dimen350

(/usr/local/texlive/2024/texmf-dist/tex/latex/listings/lstpatch.sty
File: lstpatch.sty 2024/02/21 1.10 (Carsten Heinz)
)
(/usr/local/texlive/2024/texmf-dist/tex/latex/listings/lstmisc.sty
File: lstmisc.sty 2024/02/21 1.10 (Carsten Heinz)
\c@lstnumber=\count381
\lst@skipnumbers=\count382
\lst@framebox=\box145
)
(/usr/local/texlive/2024/texmf-dist/tex/latex/listings/listings.cfg
File: listings.cfg 2024/02/21 1.10 listings configuration
))
Package: listings 2024/02/21 1.10 (Carsten Heinz)

(/usr/local/texlive/2024/texmf-dist/tex/latex/tcolorbox/tcblistingscore.code.te
x
Library (tcolorbox): 'tcblistingscore.code.tex' version '6.2.0'
(/usr/local/texlive/2024/texmf-dist/tex/latex/tcolorbox/tcbprocessing.code.tex
Library (tcolorbox): 'tcbprocessing.code.tex' version '6.2.0'
)
\c@tcblisting=\count383
)) (/usr/local/texlive/2024/texmf-dist/tex/latex/listingsutf8/listingsutf8.sty
Package: listingsutf8 2019-12-10 v1.5 Allow UTF-8 in listings input (HO)
(/usr/local/texlive/2024/texmf-dist/tex/generic/stringenc/stringenc.sty
Package: stringenc 2019/11/29 v1.12 Convert strings between diff. encodings (HO
)
)))
(/usr/local/texlive/2024/texmf-dist/tex/latex/tcolorbox/tcbexternal.code.tex
Library (tcolorbox): 'tcbexternal.code.tex' version '6.2.0'
) (/usr/local/texlive/2024/texmf-dist/tex/latex/tcolorbox/tcbmagazine.code.tex
Library (tcolorbox): 'tcbmagazine.code.tex' version '6.2.0'
) (/usr/local/texlive/2024/texmf-dist/tex/latex/tcolorbox/tcbvignette.code.tex
Library (tcolorbox): 'tcbvignette.code.tex' version '6.2.0'

(/usr/local/texlive/2024/texmf-dist/tex/generic/pgf/frontendlayer/tikz/librarie
s/tikzlibraryfadings.code.tex
File: tikzlibraryfadings.code.tex 2023-01-15 v3.1.10 (3.1.10)

(/usr/local/texlive/2024/texmf-dist/tex/generic/pgf/libraries/pgflibraryfadings
.code.tex
File: pgflibraryfadings.code.tex 2023-01-15 v3.1.10 (3.1.10)
)))
(/usr/local/texlive/2024/texmf-dist/tex/latex/tcolorbox/tcbposter.code.tex
Library (tcolorbox): 'tcbposter.code.tex' version '6.2.0'
)) (/usr/local/texlive/2024/texmf-dist/tex/latex/cleveref/cleveref.sty
Package: cleveref 2018/03/27 v0.21.4 Intelligent cross-referencing
Package cleveref Info: `hyperref' support loaded on input line 2370.
LaTeX Info: Redefining \cref on input line 2370.
LaTeX Info: Redefining \Cref on input line 2370.
LaTeX Info: Redefining \crefrange on input line 2370.
LaTeX Info: Redefining \Crefrange on input line 2370.
LaTeX Info: Redefining \cpageref on input line 2370.
LaTeX Info: Redefining \Cpageref on input line 2370.
LaTeX Info: Redefining \cpagerefrange on input line 2370.
LaTeX Info: Redefining \Cpagerefrange on input line 2370.
LaTeX Info: Redefining \labelcref on input line 2370.
LaTeX Info: Redefining \labelcpageref on input line 2370.
Package cleveref Info: `listings' support loaded on input line 3131.
Package cleveref Info: always capitalise cross-reference names on input line 78
30.
Package cleveref Info: include cross-reference names in hyperlinks on input lin
e 7836.
Package cleveref Info: include cross-reference names in hyperlinks on input lin
e 7852.
Package cleveref Info: always capitalise cross-reference names on input line 78
52.
)
(/usr/local/texlive/2024/texmf-dist/tex/latex/algorithm2e/algorithm2e.sty
Package: algorithm2e 2017/07/18 v5.2 algorithms environments
\c@AlgoLine=\count384
\algocf@hangindent=\skip109

(/usr/local/texlive/2024/texmf-dist/tex/latex/ifoddpage/ifoddpage.sty
Package: ifoddpage 2022/10/18 v1.2 Conditionals for odd/even page detection
\c@checkoddpage=\count385
)
(/usr/local/texlive/2024/texmf-dist/tex/latex/relsize/relsize.sty
Package: relsize 2013/03/29 ver 4.1
)
\skiptotal=\skip110
\skiplinenumber=\skip111
\skiprule=\skip112
\skiphlne=\skip113
\skiptext=\skip114
\skiplength=\skip115
\algomargin=\skip116
\skipalgocfslide=\skip117
\algowidth=\dimen351
\inoutsize=\dimen352
\inoutindent=\dimen353
\interspacetitleruled=\dimen354
\interspacealgoruled=\dimen355
\interspacetitleboxruled=\dimen356
\algocf@ruledwidth=\skip118
\algocf@inoutbox=\box146
\algocf@inputbox=\box147
\AlCapSkip=\skip119
\AlCapHSkip=\skip120
\algoskipindent=\skip121
\algocf@nlbox=\box148
\algocf@hangingbox=\box149
\algocf@untilbox=\box150
\algocf@skipuntil=\skip122
\algocf@capbox=\box151
\algocf@lcaptionbox=\skip123
\algoheightruledefault=\skip124
\algoheightrule=\skip125
\algotitleheightruledefault=\skip126
\algotitleheightrule=\skip127
\c@algocfline=\count386
\c@algocfproc=\count387
\c@algocf=\count388
\algocf@algoframe=\box152
\algocf@algobox=\box153
)
(/usr/local/texlive/2024/texmf-dist/tex/latex/makecell/makecell.sty
Package: makecell 2009/08/03 V0.1e Managing of Tab Column Heads and Cells
\rotheadsize=\dimen357
\c@nlinenum=\count389
\TeXr@lab=\toks59
)
(/usr/local/texlive/2024/texmf-dist/tex/latex/cancel/cancel.sty
Package: cancel 2013/04/12 v2.2 Cancel math terms
)
(/usr/local/texlive/2024/texmf-dist/tex/latex/feynmf/feynmf.sty
Package: feynmf 1996/12/02 v1.08 LaTeX/Metafont Feynman Diagram Package (ohl)
\@outfmf=\write4
\fmfbuf@=\toks60
\c@fmfgraph=\count390
\grep@infile=\read5
\grep@outfile=\write5
)
(/usr/local/texlive/2024/texmf-dist/tex/latex/psnfss/pifont.sty
Package: pifont 2020/03/25 PSNFSS-v9.3 Pi font support (SPQR) 
LaTeX Font Info:    Trying to load font information for U+pzd on input line 63.


(/usr/local/texlive/2024/texmf-dist/tex/latex/psnfss/upzd.fd
File: upzd.fd 2001/06/04 font definitions for U/pzd.
)
LaTeX Font Info:    Trying to load font information for U+psy on input line 64.


(/usr/local/texlive/2024/texmf-dist/tex/latex/psnfss/upsy.fd
File: upsy.fd 2001/06/04 font definitions for U/psy.
))
LaTeX Info: Redefining \bfseries on input line 82.
Package hyperref Info: Option `colorlinks' set `true' on input line 96.
\symusualmathcal=\mathgroup13
LaTeX Font Info:    Redeclaring math alphabet \mathcal on input line 103.

(/usr/local/texlive/2024/texmf-dist/tex/generic/pgf/frontendlayer/tikz/librarie
s/tikzlibraryarrows.code.tex
File: tikzlibraryarrows.code.tex 2023-01-15 v3.1.10 (3.1.10)

(/usr/local/texlive/2024/texmf-dist/tex/generic/pgf/libraries/pgflibraryarrows.
code.tex
File: pgflibraryarrows.code.tex 2023-01-15 v3.1.10 (3.1.10)
\arrowsize=\dimen358
))
(/usr/local/texlive/2024/texmf-dist/tex/generic/pgf/frontendlayer/tikz/librarie
s/tikzlibraryshapes.geometric.code.tex
File: tikzlibraryshapes.geometric.code.tex 2023-01-15 v3.1.10 (3.1.10)

(/usr/local/texlive/2024/texmf-dist/tex/generic/pgf/libraries/shapes/pgflibrary
shapes.geometric.code.tex
File: pgflibraryshapes.geometric.code.tex 2023-01-15 v3.1.10 (3.1.10)
))
(/usr/local/texlive/2024/texmf-dist/tex/generic/pgf/libraries/pgflibraryarrows.
meta.code.tex
File: pgflibraryarrows.meta.code.tex 2023-01-15 v3.1.10 (3.1.10)
\pgfarrowinset=\dimen359
\pgfarrowlength=\dimen360
\pgfarrowwidth=\dimen361
\pgfarrowlinewidth=\dimen362
)
(/usr/local/texlive/2024/texmf-dist/tex/generic/pgf/frontendlayer/tikz/librarie
s/tikzlibraryshapes.code.tex
File: tikzlibraryshapes.code.tex 2023-01-15 v3.1.10 (3.1.10)

(/usr/local/texlive/2024/texmf-dist/tex/generic/pgf/frontendlayer/tikz/librarie
s/tikzlibraryshapes.misc.code.tex
File: tikzlibraryshapes.misc.code.tex 2023-01-15 v3.1.10 (3.1.10)

(/usr/local/texlive/2024/texmf-dist/tex/generic/pgf/libraries/shapes/pgflibrary
shapes.misc.code.tex
File: pgflibraryshapes.misc.code.tex 2023-01-15 v3.1.10 (3.1.10)
))
(/usr/local/texlive/2024/texmf-dist/tex/generic/pgf/frontendlayer/tikz/librarie
s/tikzlibraryshapes.symbols.code.tex
File: tikzlibraryshapes.symbols.code.tex 2023-01-15 v3.1.10 (3.1.10)

(/usr/local/texlive/2024/texmf-dist/tex/generic/pgf/libraries/shapes/pgflibrary
shapes.symbols.code.tex
File: pgflibraryshapes.symbols.code.tex 2023-01-15 v3.1.10 (3.1.10)
))
(/usr/local/texlive/2024/texmf-dist/tex/generic/pgf/frontendlayer/tikz/librarie
s/tikzlibraryshapes.arrows.code.tex
File: tikzlibraryshapes.arrows.code.tex 2023-01-15 v3.1.10 (3.1.10)

(/usr/local/texlive/2024/texmf-dist/tex/generic/pgf/libraries/shapes/pgflibrary
shapes.arrows.code.tex
File: pgflibraryshapes.arrows.code.tex 2023-01-15 v3.1.10 (3.1.10)
))
(/usr/local/texlive/2024/texmf-dist/tex/generic/pgf/frontendlayer/tikz/librarie
s/tikzlibraryshapes.callouts.code.tex
(/usr/local/texlive/2024/texmf-dist/tex/generic/pgf/libraries/shapes/pgflibrary
shapes.callouts.code.tex))
(/usr/local/texlive/2024/texmf-dist/tex/generic/pgf/frontendlayer/tikz/librarie
s/tikzlibraryshapes.multipart.code.tex
File: tikzlibraryshapes.multipart.code.tex 2023-01-15 v3.1.10 (3.1.10)

(/usr/local/texlive/2024/texmf-dist/tex/generic/pgf/libraries/shapes/pgflibrary
shapes.multipart.code.tex
File: pgflibraryshapes.multipart.code.tex 2023-01-15 v3.1.10 (3.1.10)
\pgfnodepartlowerbox=\box154
\pgfnodeparttwobox=\box155
\pgfnodepartthreebox=\box156
\pgfnodepartfourbox=\box157
\pgfnodeparttwentybox=\box158
\pgfnodepartnineteenbox=\box159
\pgfnodeparteighteenbox=\box160
\pgfnodepartseventeenbox=\box161
\pgfnodepartsixteenbox=\box162
\pgfnodepartfifteenbox=\box163
\pgfnodepartfourteenbox=\box164
\pgfnodepartthirteenbox=\box165
\pgfnodeparttwelvebox=\box166
\pgfnodepartelevenbox=\box167
\pgfnodeparttenbox=\box168
\pgfnodepartninebox=\box169
\pgfnodeparteightbox=\box170
\pgfnodepartsevenbox=\box171
\pgfnodepartsixbox=\box172
\pgfnodepartfivebox=\box173
)))
(/usr/local/texlive/2024/texmf-dist/tex/generic/pgf/frontendlayer/tikz/librarie
s/tikzlibrarydecorations.pathreplacing.code.tex
(/usr/local/texlive/2024/texmf-dist/tex/generic/pgf/frontendlayer/tikz/librarie
s/tikzlibrarydecorations.code.tex
(/usr/local/texlive/2024/texmf-dist/tex/generic/pgf/modules/pgfmoduledecoration
s.code.tex
\pgfdecoratedcompleteddistance=\dimen363
\pgfdecoratedremainingdistance=\dimen364
\pgfdecoratedinputsegmentcompleteddistance=\dimen365
\pgfdecoratedinputsegmentremainingdistance=\dimen366
\pgf@decorate@distancetomove=\dimen367
\pgf@decorate@repeatstate=\count391
\pgfdecorationsegmentamplitude=\dimen368
\pgfdecorationsegmentlength=\dimen369
)
\tikz@lib@dec@box=\box174
)
(/usr/local/texlive/2024/texmf-dist/tex/generic/pgf/libraries/decorations/pgfli
brarydecorations.pathreplacing.code.tex))
(/usr/local/texlive/2024/texmf-dist/tex/generic/pgf/frontendlayer/tikz/librarie
s/tikzlibraryfit.code.tex
File: tikzlibraryfit.code.tex 2023-01-15 v3.1.10 (3.1.10)
)
(/usr/local/texlive/2024/texmf-dist/tex/generic/pgf/frontendlayer/tikz/librarie
s/tikzlibrarypatterns.code.tex
File: tikzlibrarypatterns.code.tex 2023-01-15 v3.1.10 (3.1.10)

(/usr/local/texlive/2024/texmf-dist/tex/generic/pgf/libraries/pgflibrarypattern
s.code.tex
File: pgflibrarypatterns.code.tex 2023-01-15 v3.1.10 (3.1.10)
))
(/usr/local/texlive/2024/texmf-dist/tex/generic/pgf/frontendlayer/tikz/librarie
s/tikzlibrarypatterns.meta.code.tex
(/usr/local/texlive/2024/texmf-dist/tex/generic/pgf/libraries/pgflibrarypattern
s.meta.code.tex))) (./incl_shortcuts.tex)
(/usr/local/texlive/2024/texmf-dist/tex/latex/l3backend/l3backend-pdftex.def
File: l3backend-pdftex.def 2024-02-20 L3 backend support: PDF output (pdfTeX)
\l__color_backend_stack_int=\count392
\l__pdf_internal_box=\box175
)
(./paper_clean.aux)
\openout1 = `paper_clean.aux'.

LaTeX Font Info:    Checking defaults for OML/cmm/m/it on input line 17.
LaTeX Font Info:    ... okay on input line 17.
LaTeX Font Info:    Checking defaults for OMS/cmsy/m/n on input line 17.
LaTeX Font Info:    ... okay on input line 17.
LaTeX Font Info:    Checking defaults for OT1/cmr/m/n on input line 17.
LaTeX Font Info:    ... okay on input line 17.
LaTeX Font Info:    Checking defaults for T1/cmr/m/n on input line 17.
LaTeX Font Info:    ... okay on input line 17.
LaTeX Font Info:    Checking defaults for TS1/cmr/m/n on input line 17.
LaTeX Font Info:    ... okay on input line 17.
LaTeX Font Info:    Checking defaults for OMX/cmex/m/n on input line 17.
LaTeX Font Info:    ... okay on input line 17.
LaTeX Font Info:    Checking defaults for U/cmr/m/n on input line 17.
LaTeX Font Info:    ... okay on input line 17.
LaTeX Font Info:    Checking defaults for PD1/pdf/m/n on input line 17.
LaTeX Font Info:    ... okay on input line 17.
LaTeX Font Info:    Checking defaults for PU/pdf/m/n on input line 17.
LaTeX Font Info:    ... okay on input line 17.
LaTeX Font Info:    Checking defaults for MDA/cmr/m/n on input line 17.
LaTeX Font Info:    Trying to load font information for MDA+cmr on input line 1
7.

(/usr/local/texlive/2024/texmf-dist/tex/latex/mathdesign/mdacmr.fd
File: mdacmr.fd 
)
LaTeX Font Info:    ... okay on input line 17.
LaTeX Font Info:    Checking defaults for MDB/cmr/m/n on input line 17.
LaTeX Font Info:    Trying to load font information for MDB+cmr on input line 1
7.

(/usr/local/texlive/2024/texmf-dist/tex/latex/mathdesign/mdbcmr.fd
File: mdbcmr.fd 
)
LaTeX Font Info:    ... okay on input line 17.

*geometry* driver: auto-detecting
*geometry* detected driver: pdftex
*geometry* verbose mode - [ preamble ] result:
* driver: pdftex
* paper: a4paper
* layout: <same size as paper>
* layoutoffset:(h,v)=(0.0pt,0.0pt)
* modes: includehead includefoot 
* h-part:(L,W,R)=(85.35826pt, 426.79135pt, 85.35826pt)
* v-part:(T,H,B)=(34.1433pt, 776.76025pt, 34.1433pt)
* \paperwidth=597.50787pt
* \paperheight=845.04684pt
* \textwidth=426.79135pt
* \textheight=687.61696pt
* \oddsidemargin=13.08827pt
* \evensidemargin=13.08827pt
* \topmargin=-38.1267pt
* \headheight=34.1433pt
* \headsep=25.0pt
* \topskip=11.0pt
* \footskip=30.0pt
* \marginparwidth=71.13188pt
* \marginparsep=10.0pt
* \columnsep=10.0pt
* \skip\footins=10.0pt plus 4.0pt minus 2.0pt
* \hoffset=0.0pt
* \voffset=0.0pt
* \mag=1000
* \@twocolumnfalse
* \@twosidefalse
* \@mparswitchfalse
* \@reversemarginfalse
* (1in=72.27pt=25.4mm, 1cm=28.453pt)

Package hyperref Info: Link coloring ON on input line 17.
(./paper_clean.out) (./paper_clean.out)
\@outlinefile=\write6
\openout6 = `paper_clean.out'.


(/usr/local/texlive/2024/texmf-dist/tex/context/base/mkii/supp-pdf.mkii
[Loading MPS to PDF converter (version 2006.09.02).]
\scratchcounter=\count393
\scratchdimen=\dimen370
\scratchbox=\box176
\nofMPsegments=\count394
\nofMParguments=\count395
\everyMPshowfont=\toks61
\MPscratchCnt=\count396
\MPscratchDim=\dimen371
\MPnumerator=\count397
\makeMPintoPDFobject=\count398
\everyMPtoPDFconversion=\toks62
) (/usr/local/texlive/2024/texmf-dist/tex/latex/epstopdf-pkg/epstopdf-base.sty
Package: epstopdf-base 2020-01-24 v2.11 Base part for package epstopdf
Package epstopdf-base Info: Redefining graphics rule for `.eps' on input line 4
85.

(/usr/local/texlive/2024/texmf-dist/tex/latex/latexconfig/epstopdf-sys.cfg
File: epstopdf-sys.cfg 2010/07/13 v1.3 Configuration of (r)epstopdf for TeX Liv
e
))
Package caption Info: Begin \AtBeginDocument code.
Package caption Info: float package is loaded.
Package caption Info: listings package is loaded.
Package caption Info: End \AtBeginDocument code.

(/usr/local/texlive/2024/texmf-dist/tex/latex/pdflscape/pdflscape.sty
Package: pdflscape 2022-10-27 v0.13 Display of landscape pages in PDF

(/usr/local/texlive/2024/texmf-dist/tex/latex/pdflscape/pdflscape-nometadata.st
y
Package: pdflscape-nometadata 2022-10-28 v0.13 Display of landscape pages in PD
F (HO)
 (/usr/local/texlive/2024/texmf-dist/tex/latex/graphics/lscape.sty
Package: lscape 2020/05/28 v3.02 Landscape Pages (DPC)
)
Package pdflscape Info: Auto-detected driver: pdftex on input line 81.
))
(/usr/local/texlive/2024/texmf-dist/tex/latex/translations/translations-basic-d
ictionary-english.trsl
File: translations-basic-dictionary-english.trsl (english translation file `tra
nslations-basic-dictionary')
)
Package translations Info: loading dictionary `translations-basic-dictionary' f
or `english'. on input line 17.
\c@lstlisting=\count399
LaTeX Font Info:    Font shape `T1/mdbch/m/n' will be
(Font)              scaled to size 8.64006pt on input line 22.
LaTeX Font Info:    Font shape `T1/mdbch/m/n' will be
(Font)              scaled to size 13.82408pt on input line 27.
LaTeX Font Info:    Font shape `T1/mdbch/b/n' will be
(Font)              scaled to size 13.82408pt on input line 27.
LaTeX Font Info:    Trying to load font information for OT1+mdbch on input line
 27.

(/usr/local/texlive/2024/texmf-dist/tex/latex/mathdesign/mdbch/ot1mdbch.fd
File: ot1mdbch.fd 2013/08/29 Fontinst v1.933 font definitions for OT1/mdbch.
)
LaTeX Font Info:    Font shape `OT1/mdbch/m/n' will be
(Font)              scaled to size 13.82408pt on input line 27.
LaTeX Font Info:    Font shape `OT1/mdbch/m/n' will be
(Font)              scaled to size 9.60007pt on input line 27.
LaTeX Font Info:    Font shape `OT1/mdbch/m/n' will be
(Font)              scaled to size 6.72005pt on input line 27.
LaTeX Font Info:    Trying to load font information for OML+mdbch on input line
 27.

(/usr/local/texlive/2024/texmf-dist/tex/latex/mathdesign/mdbch/omlmdbch.fd
File: omlmdbch.fd 2013/08/29 Fontinst v1.933 font definitions for OML/mdbch.
)
LaTeX Font Info:    Font shape `OML/mdbch/m/it' will be
(Font)              scaled to size 13.82408pt on input line 27.
LaTeX Font Info:    Font shape `OML/mdbch/m/it' will be
(Font)              scaled to size 9.60007pt on input line 27.
LaTeX Font Info:    Font shape `OML/mdbch/m/it' will be
(Font)              scaled to size 6.72005pt on input line 27.
LaTeX Font Info:    Trying to load font information for OMS+mdbch on input line
 27.

(/usr/local/texlive/2024/texmf-dist/tex/latex/mathdesign/mdbch/omsmdbch.fd
File: omsmdbch.fd 2013/08/29 Fontinst v1.933 font definitions for OMS/mdbch.
)
LaTeX Font Info:    Font shape `OMS/mdbch/m/n' will be
(Font)              scaled to size 13.82408pt on input line 27.
LaTeX Font Info:    Font shape `OMS/mdbch/m/n' will be
(Font)              scaled to size 9.60007pt on input line 27.
LaTeX Font Info:    Font shape `OMS/mdbch/m/n' will be
(Font)              scaled to size 6.72005pt on input line 27.
LaTeX Font Info:    Trying to load font information for OMX+mdbch on input line
 27.

(/usr/local/texlive/2024/texmf-dist/tex/latex/mathdesign/mdbch/omxmdbch.fd
File: omxmdbch.fd 2013/08/29 Fontinst v1.933 font definitions for OMX/mdbch.
)
LaTeX Font Info:    Font shape `OMX/mdbch/m/n' will be
(Font)              scaled to size 13.82408pt on input line 27.
LaTeX Font Info:    Font shape `OMX/mdbch/m/n' will be
(Font)              scaled to size 9.60007pt on input line 27.
LaTeX Font Info:    Font shape `OMX/mdbch/m/n' will be
(Font)              scaled to size 6.72005pt on input line 27.
LaTeX Font Info:    Font shape `OML/mdbch/m/n' will be
(Font)              scaled to size 13.82408pt on input line 27.
LaTeX Font Info:    Font shape `OML/mdbch/m/n' will be
(Font)              scaled to size 9.60007pt on input line 27.
LaTeX Font Info:    Font shape `OML/mdbch/m/n' will be
(Font)              scaled to size 6.72005pt on input line 27.
LaTeX Font Info:    Trying to load font information for MDA+mdbch on input line
 27.

(/usr/local/texlive/2024/texmf-dist/tex/latex/mathdesign/mdbch/mdamdbch.fd
File: mdamdbch.fd 2013/08/29 Fontinst v1.933 font definitions for MDA/mdbch.
)
LaTeX Font Info:    Font shape `MDA/mdbch/m/n' will be
(Font)              scaled to size 13.82408pt on input line 27.
LaTeX Font Info:    Font shape `MDA/mdbch/m/n' will be
(Font)              scaled to size 9.60007pt on input line 27.
LaTeX Font Info:    Font shape `MDA/mdbch/m/n' will be
(Font)              scaled to size 6.72005pt on input line 27.
LaTeX Font Info:    Trying to load font information for MDB+mdbch on input line
 27.

(/usr/local/texlive/2024/texmf-dist/tex/latex/mathdesign/mdbch/mdbmdbch.fd
File: mdbmdbch.fd 2013/08/29 Fontinst v1.933 font definitions for MDB/mdbch.
)
LaTeX Font Info:    Font shape `MDB/mdbch/m/n' will be
(Font)              scaled to size 13.82408pt on input line 27.
LaTeX Font Info:    Font shape `MDB/mdbch/m/n' will be
(Font)              scaled to size 9.60007pt on input line 27.
LaTeX Font Info:    Font shape `MDB/mdbch/m/n' will be
(Font)              scaled to size 6.72005pt on input line 27.
LaTeX Font Info:    Font shape `OT1/mdbch/b/n' will be
(Font)              scaled to size 13.82408pt on input line 27.
LaTeX Font Info:    Font shape `OT1/mdbch/b/n' will be
(Font)              scaled to size 9.60007pt on input line 27.
LaTeX Font Info:    Font shape `OT1/mdbch/b/n' will be
(Font)              scaled to size 6.72005pt on input line 27.
LaTeX Font Info:    Font shape `OML/mdbch/b/it' will be
(Font)              scaled to size 13.82408pt on input line 27.
LaTeX Font Info:    Font shape `OML/mdbch/b/it' will be
(Font)              scaled to size 9.60007pt on input line 27.
LaTeX Font Info:    Font shape `OML/mdbch/b/it' will be
(Font)              scaled to size 6.72005pt on input line 27.
LaTeX Font Info:    Font shape `OMS/mdbch/b/n' will be
(Font)              scaled to size 13.82408pt on input line 27.
LaTeX Font Info:    Font shape `OMS/mdbch/b/n' will be
(Font)              scaled to size 9.60007pt on input line 27.
LaTeX Font Info:    Font shape `OMS/mdbch/b/n' will be
(Font)              scaled to size 6.72005pt on input line 27.
LaTeX Font Info:    Font shape `OMX/mdbch/b/n' will be
(Font)              scaled to size 13.82408pt on input line 27.
LaTeX Font Info:    Font shape `OMX/mdbch/b/n' will be
(Font)              scaled to size 9.60007pt on input line 27.
LaTeX Font Info:    Font shape `OMX/mdbch/b/n' will be
(Font)              scaled to size 6.72005pt on input line 27.
LaTeX Font Info:    Font shape `OT1/mdbch/m/n' will be
(Font)              scaled to size 10.51207pt on input line 31.
LaTeX Font Info:    Font shape `OT1/mdbch/m/n' will be
(Font)              scaled to size 7.68005pt on input line 31.
LaTeX Font Info:    Font shape `OT1/mdbch/m/n' will be
(Font)              scaled to size 5.76004pt on input line 31.
LaTeX Font Info:    Font shape `OML/mdbch/m/it' will be
(Font)              scaled to size 10.51207pt on input line 31.
LaTeX Font Info:    Font shape `OML/mdbch/m/it' will be
(Font)              scaled to size 7.68005pt on input line 31.
LaTeX Font Info:    Font shape `OML/mdbch/m/it' will be
(Font)              scaled to size 5.76004pt on input line 31.
LaTeX Font Info:    Font shape `OMS/mdbch/m/n' will be
(Font)              scaled to size 10.51207pt on input line 31.
LaTeX Font Info:    Font shape `OMS/mdbch/m/n' will be
(Font)              scaled to size 7.68005pt on input line 31.
LaTeX Font Info:    Font shape `OMS/mdbch/m/n' will be
(Font)              scaled to size 5.76004pt on input line 31.
LaTeX Font Info:    Font shape `OMX/mdbch/m/n' will be
(Font)              scaled to size 10.51207pt on input line 31.
LaTeX Font Info:    Font shape `OMX/mdbch/m/n' will be
(Font)              scaled to size 7.68005pt on input line 31.
LaTeX Font Info:    Font shape `OMX/mdbch/m/n' will be
(Font)              scaled to size 5.76004pt on input line 31.
LaTeX Font Info:    Font shape `OML/mdbch/m/n' will be
(Font)              scaled to size 10.51207pt on input line 31.
LaTeX Font Info:    Font shape `OML/mdbch/m/n' will be
(Font)              scaled to size 7.68005pt on input line 31.
LaTeX Font Info:    Font shape `OML/mdbch/m/n' will be
(Font)              scaled to size 5.76004pt on input line 31.
LaTeX Font Info:    Font shape `MDA/mdbch/m/n' will be
(Font)              scaled to size 10.51207pt on input line 31.
LaTeX Font Info:    Font shape `MDA/mdbch/m/n' will be
(Font)              scaled to size 7.68005pt on input line 31.
LaTeX Font Info:    Font shape `MDA/mdbch/m/n' will be
(Font)              scaled to size 5.76004pt on input line 31.
LaTeX Font Info:    Font shape `MDB/mdbch/m/n' will be
(Font)              scaled to size 10.51207pt on input line 31.
LaTeX Font Info:    Font shape `MDB/mdbch/m/n' will be
(Font)              scaled to size 7.68005pt on input line 31.
LaTeX Font Info:    Font shape `MDB/mdbch/m/n' will be
(Font)              scaled to size 5.76004pt on input line 31.
LaTeX Font Info:    Font shape `OT1/mdbch/b/n' will be
(Font)              scaled to size 10.51207pt on input line 31.
LaTeX Font Info:    Font shape `OT1/mdbch/b/n' will be
(Font)              scaled to size 7.68005pt on input line 31.
LaTeX Font Info:    Font shape `OT1/mdbch/b/n' will be
(Font)              scaled to size 5.76004pt on input line 31.
LaTeX Font Info:    Font shape `OML/mdbch/b/it' will be
(Font)              scaled to size 10.51207pt on input line 31.
LaTeX Font Info:    Font shape `OML/mdbch/b/it' will be
(Font)              scaled to size 7.68005pt on input line 31.
LaTeX Font Info:    Font shape `OML/mdbch/b/it' will be
(Font)              scaled to size 5.76004pt on input line 31.
LaTeX Font Info:    Font shape `OMS/mdbch/b/n' will be
(Font)              scaled to size 10.51207pt on input line 31.
LaTeX Font Info:    Font shape `OMS/mdbch/b/n' will be
(Font)              scaled to size 7.68005pt on input line 31.
LaTeX Font Info:    Font shape `OMS/mdbch/b/n' will be
(Font)              scaled to size 5.76004pt on input line 31.
LaTeX Font Info:    Font shape `OMX/mdbch/b/n' will be
(Font)              scaled to size 10.51207pt on input line 31.
LaTeX Font Info:    Font shape `OMX/mdbch/b/n' will be
(Font)              scaled to size 7.68005pt on input line 31.
LaTeX Font Info:    Font shape `OMX/mdbch/b/n' will be
(Font)              scaled to size 5.76004pt on input line 31.
LaTeX Font Info:    Font shape `T1/mdbch/m/n' will be
(Font)              scaled to size 7.68005pt on input line 31.
LaTeX Font Info:    Font shape `T1/mdbch/b/n' will be
(Font)              scaled to size 10.51207pt on input line 41.

(./paper_clean.toc
LaTeX Font Info:    Font shape `OML/mdbch/b/n' will be
(Font)              scaled to size 10.51207pt on input line 2.
LaTeX Font Info:    Font shape `OML/mdbch/b/n' will be
(Font)              scaled to size 7.68005pt on input line 2.
LaTeX Font Info:    Font shape `OML/mdbch/b/n' will be
(Font)              scaled to size 5.76004pt on input line 2.
LaTeX Font Info:    Font shape `MDA/mdbch/b/n' will be
(Font)              scaled to size 10.51207pt on input line 2.
LaTeX Font Info:    Font shape `MDA/mdbch/b/n' will be
(Font)              scaled to size 7.68005pt on input line 2.
LaTeX Font Info:    Font shape `MDA/mdbch/b/n' will be
(Font)              scaled to size 5.76004pt on input line 2.
LaTeX Font Info:    Font shape `MDB/mdbch/b/n' will be
(Font)              scaled to size 10.51207pt on input line 2.
LaTeX Font Info:    Font shape `MDB/mdbch/b/n' will be
(Font)              scaled to size 7.68005pt on input line 2.
LaTeX Font Info:    Font shape `MDB/mdbch/b/n' will be
(Font)              scaled to size 5.76004pt on input line 2.
)
\tf@toc=\write7
\openout7 = `paper_clean.toc'.

 [1{/usr/local/texlive/2024/texmf-var/fonts/map/pdftex/updmap/pdftex.map}{/usr/
local/texlive/2024/texmf-dist/fonts/enc/dvips/ly1/texnansi.enc}

]

LaTeX Warning: Citation `Plehn:2022ftl' on page 2 undefined on input line 81.


LaTeX Warning: Citation `Kasieczka:2019dbj' on page 2 undefined on input line 9
7.


LaTeX Warning: Citation `Nachman:2022emq' on page 2 undefined on input line 97.



LaTeX Warning: Citation `Cogan:2014oua' on page 2 undefined on input line 97.


LaTeX Warning: Citation `Baldi:2014kfa' on page 2 undefined on input line 97.


LaTeX Warning: Citation `Cogan:2014oua' on page 2 undefined on input line 97.


LaTeX Warning: Citation `Baldi:2014kfa' on page 2 undefined on input line 97.


LaTeX Warning: Citation `deOliveira:2015xxd' on page 2 undefined on input line 
97.


LaTeX Warning: Citation `Gallicchio:2010sw' on page 2 undefined on input line 9
7.


LaTeX Warning: Citation `Kasieczka:2017nvn' on page 2 undefined on input line 9
7.


LaTeX Warning: Citation `Butter:2017cot' on page 2 undefined on input line 99.


LaTeX Warning: Citation `Gong:2022lye' on page 2 undefined on input line 99.


LaTeX Warning: Citation `Qiu:2022xvr' on page 2 undefined on input line 99.


LaTeX Warning: Citation `Bogatskiy:2022czk' on page 2 undefined on input line 9
9.


LaTeX Warning: Citation `Qiu:2023ihi' on page 2 undefined on input line 99.


LaTeX Warning: Citation `ruhe2023clifford' on page 2 undefined on input line 99
.

LaTeX Font Info:    Trying to load font information for TS1+mdbch on input line
 101.
(/usr/local/texlive/2024/texmf-dist/tex/latex/mathdesign/mdbch/ts1mdbch.fd
File: ts1mdbch.fd 2013/08/29 Fontinst v1.933 font definitions for TS1/mdbch.
)
LaTeX Font Info:    Font shape `TS1/mdbch/m/n' will be
(Font)              scaled to size 7.68005pt on input line 101.
LaTeX Font Info:    Font shape `T1/mdbch/m/n' will be
(Font)              scaled to size 9.98409pt on input line 101.
LaTeX Font Info:    Font shape `OT1/mdbch/m/n' will be
(Font)              scaled to size 8.64006pt on input line 101.
LaTeX Font Info:    Font shape `OT1/mdbch/m/n' will be
(Font)              scaled to size 4.80003pt on input line 101.
LaTeX Font Info:    Font shape `OML/mdbch/m/it' will be
(Font)              scaled to size 8.64006pt on input line 101.
LaTeX Font Info:    Font shape `OML/mdbch/m/it' will be
(Font)              scaled to size 4.80003pt on input line 101.
LaTeX Font Info:    Font shape `OMS/mdbch/m/n' will be
(Font)              scaled to size 8.64006pt on input line 101.
LaTeX Font Info:    Font shape `OMS/mdbch/m/n' will be
(Font)              scaled to size 4.80003pt on input line 101.
LaTeX Font Info:    Font shape `OMX/mdbch/m/n' will be
(Font)              scaled to size 8.64006pt on input line 101.
LaTeX Font Info:    Font shape `OMX/mdbch/m/n' will be
(Font)              scaled to size 4.80003pt on input line 101.
LaTeX Font Info:    Font shape `OML/mdbch/m/n' will be
(Font)              scaled to size 8.64006pt on input line 101.
LaTeX Font Info:    Font shape `OML/mdbch/m/n' will be
(Font)              scaled to size 4.80003pt on input line 101.
LaTeX Font Info:    Font shape `MDA/mdbch/m/n' will be
(Font)              scaled to size 8.64006pt on input line 101.
LaTeX Font Info:    Font shape `MDA/mdbch/m/n' will be
(Font)              scaled to size 4.80003pt on input line 101.
LaTeX Font Info:    Font shape `MDB/mdbch/m/n' will be
(Font)              scaled to size 8.64006pt on input line 101.
LaTeX Font Info:    Font shape `MDB/mdbch/m/n' will be
(Font)              scaled to size 4.80003pt on input line 101.
LaTeX Font Info:    Font shape `OT1/mdbch/b/n' will be
(Font)              scaled to size 8.64006pt on input line 101.
LaTeX Font Info:    Font shape `OT1/mdbch/b/n' will be
(Font)              scaled to size 4.80003pt on input line 101.
LaTeX Font Info:    Font shape `OML/mdbch/b/it' will be
(Font)              scaled to size 8.64006pt on input line 101.
LaTeX Font Info:    Font shape `OML/mdbch/b/it' will be
(Font)              scaled to size 4.80003pt on input line 101.
LaTeX Font Info:    Font shape `OMS/mdbch/b/n' will be
(Font)              scaled to size 8.64006pt on input line 101.
LaTeX Font Info:    Font shape `OMS/mdbch/b/n' will be
(Font)              scaled to size 4.80003pt on input line 101.
LaTeX Font Info:    Font shape `OMX/mdbch/b/n' will be
(Font)              scaled to size 8.64006pt on input line 101.
LaTeX Font Info:    Font shape `OMX/mdbch/b/n' will be
(Font)              scaled to size 4.80003pt on input line 101.
LaTeX Font Info:    Font shape `T1/mdbch/m/n' will be
(Font)              scaled to size 5.76004pt on input line 101.
LaTeX Font Info:    Font shape `TS1/mdbch/m/n' will be
(Font)              scaled to size 5.76004pt on input line 101.
LaTeX Font Info:    Font shape `T1/mdbch/m/n' will be
(Font)              scaled to size 7.48807pt on input line 101.


LaTeX Warning: Citation `Butter:2022rso' on page 2 undefined on input line 105.



LaTeX Warning: Citation `Campbell:2022qmc' on page 2 undefined on input line 10
5.


LaTeX Warning: Citation `Paganini:2017dwg' on page 2 undefined on input line 10
5.


LaTeX Warning: Citation `Ghosh:2020kkt' on page 2 undefined on input line 105.


LaTeX Warning: Citation `Buhmann:2020pmy' on page 2 undefined on input line 105
.


LaTeX Warning: Citation `Buhmann:2023kdg' on page 2 undefined on input line 105
.


LaTeX Warning: Citation `Krause:2024avx' on page 2 undefined on input line 105.



LaTeX Warning: Citation `Otten:2019hhl' on page 2 undefined on input line 106.


LaTeX Warning: Citation `Hashemi:2019fkn' on page 2 undefined on input line 106
.


LaTeX Warning: Citation `Butter:2019cae' on page 2 undefined on input line 106.



LaTeX Warning: Citation `Heimel:2022wyj' on page 2 undefined on input line 106.



LaTeX Warning: Citation `Ghosh:2022zdz' on page 2 undefined on input line 106.


LaTeX Warning: Citation `Bierlich:2023zzd' on page 2 undefined on input line 10
6.


LaTeX Warning: Citation `Janssen:2023lgz' on page 2 undefined on input line 106
.


LaTeX Warning: Citation `Chan:2023ume' on page 2 undefined on input line 106.


LaTeX Warning: Citation `Heimel:2023ngj' on page 2 undefined on input line 106.



LaTeX Warning: Citation `Heimel:2024wph' on page 2 undefined on input line 106.



LaTeX Warning: Citation `Bierlich:2024xzg' on page 2 undefined on input line 10
6.


LaTeX Warning: Citation `brehmer2023geometric' on page 2 undefined on input lin
e 108.


LaTeX Warning: Citation `de2023euclidean' on page 2 undefined on input line 108
.


LaTeX Warning: Citation `Spinner:2024hjm' on page 2 undefined on input line 108
.

[2]

LaTeX Warning: Citation `Spinner:2024hjm' on page 3 undefined on input line 114
.

LaTeX Font Info:    Font shape `T1/mdbch/m/n' will be
(Font)              scaled to size 11.52008pt on input line 123.
LaTeX Font Info:    Font shape `T1/mdbch/b/n' will be
(Font)              scaled to size 11.52008pt on input line 123.

LaTeX Warning: Citation `hestenes1966space' on page 3 undefined on input line 1
26.


LaTeX Warning: Citation `Spinner:2024hjm' on page 3 undefined on input line 143
.

[3]
Overfull \hbox (12.61877pt too wide) in paragraph at lines 156--158
\T1/mdbch/m/n/10.95 which gen-er-ates the trivec-tor or ax-ial vec-tor in the f
orm of the an-ti-sym-met-ric ten-sor $\OML/mdbch/m/it/10.95 ^^O[]^^M[]^^M[]^^M[
]$\T1/mdbch/m/n/10.95 .
 []

[4]

LaTeX Warning: Citation `DBLP:journals/corr/abs-2106-06610' on page 5 undefined
 on input line 232.


LaTeX Warning: Citation `brehmer2023geometric' on page 5 undefined on input lin
e 243.


LaTeX Warning: Citation `Spinner:2024hjm' on page 5 undefined on input line 243
.


LaTeX Warning: Citation `vaswani2017attention' on page 5 undefined on input lin
e 245.


LaTeX Warning: Citation `xiong2020layer' on page 5 undefined on input line 245.


[5]
LaTeX Font Info:    Font shape `TS1/mdbch/m/n' will be
(Font)              scaled to size 10.51207pt on input line 266.


LaTeX Warning: Citation `brehmer2023geometric' on page 6 undefined on input lin
e 291.


LaTeX Warning: Citation `hendrycks2016gaussian' on page 6 undefined on input li
ne 291.

[6]
LaTeX Font Info:    Font shape `T1/mdbch/m/n' will be
(Font)              scaled to size 9.60007pt on input line 311.
LaTeX Font Info:    Font shape `T1/mdbch/m/n' will be
(Font)              scaled to size 6.72005pt on input line 315.
LaTeX Font Info:    Font shape `T1/mdbch/m/n' will be
(Font)              scaled to size 4.80003pt on input line 315.
 [7]

LaTeX Warning: Citation `Maitre:2024hzp' on page 8 undefined on input line 339.



LaTeX Warning: Citation `Bogatskiy:2023nnw' on page 8 undefined on input line 3
39.


LaTeX Warning: Citation `ruhe2023clifford' on page 8 undefined on input line 33
9.


LaTeX Warning: Citation `Gong:2022lye' on page 8 undefined on input line 339.

<figs/timing_eval.pdf, id=182, 355.24501pt x 341.58466pt>
File: figs/timing_eval.pdf Graphic file (type pdf)
<use figs/timing_eval.pdf>
Package pdftex.def Info: figs/timing_eval.pdf  used on input line 351.
(pdftex.def)             Requested size: 211.25963pt x 203.13853pt.
<figs/memory_eval.pdf, id=183, 355.24501pt x 341.58466pt>
File: figs/memory_eval.pdf Graphic file (type pdf)
<use figs/memory_eval.pdf>
Package pdftex.def Info: figs/memory_eval.pdf  used on input line 352.
(pdftex.def)             Requested size: 211.25963pt x 203.13853pt.

LaTeX Warning: Citation `Spinner:2024hjm' on page 8 undefined on input line 353
.


LaTeX Warning: Citation `Spinner:2024hjm' on page 8 undefined on input line 353
.


LaTeX Warning: Citation `bronstein2021geometric' on page 8 undefined on input l
ine 358.


LaTeX Warning: Citation `Gong:2022lye' on page 8 undefined on input line 358.


LaTeX Warning: Citation `Bogatskiy:2022czk' on page 8 undefined on input line 3
58.


LaTeX Warning: Citation `ruhe2023clifford' on page 8 undefined on input line 35
8.


LaTeX Warning: Citation `Spinner:2024hjm' on page 8 undefined on input line 358
.


LaTeX Warning: Citation `ruhe2023clifford' on page 8 undefined on input line 35
8.

[8]

LaTeX Warning: Citation `dao2022flashattention' on page 9 undefined on input li
ne 362.

<figs/amplitudes_multiplicity.pdf, id=190, 361.35pt x 361.35pt>
File: figs/amplitudes_multiplicity.pdf Graphic file (type pdf)
<use figs/amplitudes_multiplicity.pdf>
Package pdftex.def Info: figs/amplitudes_multiplicity.pdf  used on input line 3
71.
(pdftex.def)             Requested size: 211.25963pt x 211.25932pt.
<figs/amplitudes_data.pdf, id=191, 361.35pt x 361.35pt>
File: figs/amplitudes_data.pdf Graphic file (type pdf)
<use figs/amplitudes_data.pdf>
Package pdftex.def Info: figs/amplitudes_data.pdf  used on input line 372.
(pdftex.def)             Requested size: 211.25963pt x 211.25932pt.

LaTeX Warning: Citation `Spinner:2024hjm' on page 9 undefined on input line 374
.


LaTeX Warning: Citation `Spinner:2024hjm' on page 9 undefined on input line 374
.


LaTeX Warning: Citation `Aylett-Bullock:2021hmo' on page 9 undefined on input l
ine 381.


LaTeX Warning: Citation `Maitre:2021uaa' on page 9 undefined on input line 381.



LaTeX Warning: Citation `Badger:2022hwf' on page 9 undefined on input line 381.



LaTeX Warning: Citation `Maitre:2023dqz' on page 9 undefined on input line 381.



LaTeX Warning: Citation `Spinner:2024hjm' on page 9 undefined on input line 381
.

[9 <./figs/timing_eval.pdf> <./figs/memory_eval.pdf>]

LaTeX Warning: Citation `madgraph' on page 10 undefined on input line 390.


LaTeX Warning: Citation `vaswani2017attention' on page 10 undefined on input li
ne 409.


LaTeX Warning: Citation `zaheer2017deep' on page 10 undefined on input line 411
.


LaTeX Warning: Citation `ruhe2023clifford' on page 10 undefined on input line 4
12.

<figs/multiplicity_scaling_5j.pdf, id=214, 374.08879pt x 331.40662pt>
File: figs/multiplicity_scaling_5j.pdf Graphic file (type pdf)
<use figs/multiplicity_scaling_5j.pdf>
Package pdftex.def Info: figs/multiplicity_scaling_5j.pdf  used on input line 4
23.
(pdftex.def)             Requested size: 211.25963pt x 187.15912pt.
[10 <./figs/amplitudes_multiplicity.pdf> <./figs/amplitudes_data.pdf>] [11 <./f
igs/multiplicity_scaling_5j.pdf>]

LaTeX Warning: Citation `Kasieczka:2019dbj' on page 12 undefined on input line 
446.


LaTeX Warning: Citation `Spinner:2024hjm' on page 12 undefined on input line 44
6.


LaTeX Warning: Citation `Heimel:2018mkt' on page 12 undefined on input line 448
.


LaTeX Warning: Citation `Sjostrand:2014zea' on page 12 undefined on input line 
454.


LaTeX Warning: Citation `deFavereau:2013fsa' on page 12 undefined on input line
 454.

LaTeX Font Info:    Font shape `T1/mdbch/b/n' will be
(Font)              scaled to size 8.64006pt on input line 466.

LaTeX Warning: Citation `ATLAS:2018wis' on page 12 undefined on input line 466.



LaTeX Warning: Citation `Kasieczka:2019dbj' on page 12 undefined on input line 
466.


LaTeX Warning: Citation `Butter:2017cot' on page 12 undefined on input line 467
.


LaTeX Warning: Citation `Kasieczka:2019dbj' on page 12 undefined on input line 
467.


LaTeX Warning: Citation `Moore:2018lsr' on page 12 undefined on input line 468.



LaTeX Warning: Citation `Kasieczka:2019dbj' on page 12 undefined on input line 
468.


LaTeX Warning: Citation `Komiske:2018cqr' on page 12 undefined on input line 46
9.


LaTeX Warning: Citation `Louppe:2017ipp' on page 12 undefined on input line 470
.


LaTeX Warning: Citation `Kasieczka:2019dbj' on page 12 undefined on input line 
470.


LaTeX Warning: Citation `Qu:2019gqs' on page 12 undefined on input line 471.


LaTeX Warning: Citation `Qu:2022mxj' on page 12 undefined on input line 472.


LaTeX Warning: Citation `Wu:2024thh' on page 12 undefined on input line 473.


LaTeX Warning: Citation `Gong:2022lye' on page 12 undefined on input line 474.


LaTeX Warning: Citation `ruhe2023clifford' on page 12 undefined on input line 4
75.


LaTeX Warning: Citation `Bogatskiy:2023nnw' on page 12 undefined on input line 
476.


LaTeX Warning: Citation `Spinner:2024hjm' on page 12 undefined on input line 47
7.


LaTeX Warning: Citation `Qu:2022mxj' on page 12 undefined on input line 479.


LaTeX Warning: Citation `Qu:2022mxj' on page 12 undefined on input line 480.


LaTeX Warning: Citation `Wu:2024thh' on page 12 undefined on input line 481.


LaTeX Warning: Citation `Heimel:2018mkt' on page 12 undefined on input line 485
.


LaTeX Warning: Citation `Kasieczka:2019dbj' on page 12 undefined on input line 
485.


LaTeX Warning: Citation `Kasieczka:2019dbj' on page 12 undefined on input line 
485.


LaTeX Warning: Citation `Heimel:2018mkt' on page 12 undefined on input line 485
.


LaTeX Warning: Citation `Kasieczka:2019dbj' on page 12 undefined on input line 
485.


LaTeX Warning: Citation `Kasieczka:2019dbj' on page 12 undefined on input line 
485.


LaTeX Warning: Citation `Gong:2022lye' on page 12 undefined on input line 493.


LaTeX Warning: Citation `Bogatskiy:2023nnw' on page 12 undefined on input line 
494.


LaTeX Warning: Citation `ruhe2023clifford' on page 12 undefined on input line 4
95.


LaTeX Warning: Citation `Qu:2022mxj' on page 12 undefined on input line 496.


LaTeX Warning: Citation `Wu:2024thh' on page 12 undefined on input line 497.


LaTeX Warning: Citation `Spinner:2024hjm' on page 12 undefined on input line 50
0.

[12]

LaTeX Warning: Citation `kasieczka_gregor_2019_2603256' on page 13 undefined on
 input line 525.


LaTeX Warning: Citation `kasieczka_gregor_2019_2603256' on page 13 undefined on
 input line 525.


LaTeX Warning: Citation `Qu:2022mxj' on page 13 undefined on input line 534.


LaTeX Warning: Citation `Alwall:2014hca' on page 13 undefined on input line 534
.


LaTeX Warning: Citation `Sjostrand:2014zea' on page 13 undefined on input line 
534.


LaTeX Warning: Citation `delphes' on page 13 undefined on input line 534.


LaTeX Warning: Citation `Qu:2022mxj' on page 13 undefined on input line 546.


LaTeX Warning: Citation `Wu:2024thh' on page 13 undefined on input line 546.

[13]
LaTeX Font Info:    Font shape `T1/mdbch/b/n' will be
(Font)              scaled to size 7.68005pt on input line 558.


LaTeX Warning: Citation `Qu:2019gqs' on page 14 undefined on input line 558.


LaTeX Warning: Citation `Qu:2022mxj' on page 14 undefined on input line 559.


LaTeX Warning: Citation `Wu:2024thh' on page 14 undefined on input line 560.


LaTeX Warning: Citation `Qu:2022mxj' on page 14 undefined on input line 564.


LaTeX Warning: Citation `Qu:2022mxj' on page 14 undefined on input line 564.

<figs/jc_scaling.pdf, id=314, 361.35pt x 361.35pt>
File: figs/jc_scaling.pdf Graphic file (type pdf)
<use figs/jc_scaling.pdf>
Package pdftex.def Info: figs/jc_scaling.pdf  used on input line 573.
(pdftex.def)             Requested size: 211.25963pt x 211.25932pt.
<figs/taggers_history.pdf, id=315, 361.35pt x 361.35pt>
File: figs/taggers_history.pdf Graphic file (type pdf)
<use figs/taggers_history.pdf>
Package pdftex.def Info: figs/taggers_history.pdf  used on input line 574.
(pdftex.def)             Requested size: 211.25963pt x 211.25932pt.

Overfull \hbox (2.1234pt too wide) in paragraph at lines 585--607
 [][] 
 []


LaTeX Warning: Citation `Qu:2022mxj' on page 14 undefined on input line 607.


LaTeX Warning: Citation `Qu:2022mxj' on page 14 undefined on input line 607.


LaTeX Warning: Citation `Wu:2024thh' on page 14 undefined on input line 607.


LaTeX Warning: Citation `Qu:2022mxj' on page 14 undefined on input line 607.


LaTeX Warning: Citation `Qu:2022mxj' on page 14 undefined on input line 607.


LaTeX Warning: Citation `Wu:2024thh' on page 14 undefined on input line 607.


LaTeX Warning: Citation `Qu:2022mxj' on page 14 undefined on input line 614.


LaTeX Warning: Citation `Qu:2022mxj' on page 14 undefined on input line 618.


LaTeX Warning: Citation `Kasieczka:2017nvn' on page 14 undefined on input line 
620.

[14 <./figs/jc_scaling.pdf> <./figs/taggers_history.pdf>]

LaTeX Warning: Citation `Bellagente:2019uyp' on page 15 undefined on input line
 626.


LaTeX Warning: Citation `Bellagente:2020piv' on page 15 undefined on input line
 626.


LaTeX Warning: Citation `Backes:2022sph' on page 15 undefined on input line 626
.


LaTeX Warning: Citation `Shmakov:2023kjj' on page 15 undefined on input line 62
6.


LaTeX Warning: Citation `Diefenbacher:2023wec' on page 15 undefined on input li
ne 626.


LaTeX Warning: Citation `Huetsch:2024quz' on page 15 undefined on input line 62
6.


LaTeX Warning: Citation `Butter:2022vkj' on page 15 undefined on input line 626
.


LaTeX Warning: Citation `Heimel:2023mvw' on page 15 undefined on input line 626
.


LaTeX Warning: Citation `Alwall:2011uj' on page 15 undefined on input line 633.



LaTeX Warning: Citation `Sjostrand:2014zea' on page 15 undefined on input line 
633.


LaTeX Warning: Citation `deFavereau:2013fsa' on page 15 undefined on input line
 633.


LaTeX Warning: Citation `Cacciari:2008gp' on page 15 undefined on input line 63
3.


LaTeX Warning: Citation `Cacciari:2011ma' on page 15 undefined on input line 63
3.


LaTeX Warning: Citation `ATLAS:2020ccu' on page 15 undefined on input line 642.



LaTeX Warning: Citation `Spinner:2024hjm' on page 15 undefined on input line 64
2.


LaTeX Warning: Citation `chen2018neural' on page 15 undefined on input line 647
.


LaTeX Warning: Citation `Plehn:2022ftl' on page 15 undefined on input line 647.



LaTeX Warning: Citation `Butter:2023fov' on page 15 undefined on input line 647
.

[15]

LaTeX Warning: Citation `lipman2023flowmatchinggenerativemodeling' on page 16 u
ndefined on input line 668.


LaTeX Warning: Citation `albergo2023stochastic' on page 16 undefined on input l
ine 668.


LaTeX Warning: Citation `Butter:2023fov' on page 16 undefined on input line 700
.


LaTeX Warning: Citation `Huetsch:2024quz' on page 16 undefined on input line 70
1.


LaTeX Warning: Citation `brehmer2023geometric' on page 16 undefined on input li
ne 702.


LaTeX Warning: Citation `Butter:2023fov' on page 16 undefined on input line 705
.


LaTeX Warning: Citation `Favaro:2024rle' on page 16 undefined on input line 705
.

(./figs/equicfm.tex
LaTeX Font Info:    Font shape `T1/mdbch/m/n' will be
(Font)              scaled to size 16.58891pt on input line 8.
LaTeX Font Info:    Font shape `OT1/mdbch/m/n' will be
(Font)              scaled to size 16.58891pt on input line 8.
LaTeX Font Info:    Font shape `OT1/mdbch/m/n' will be
(Font)              scaled to size 11.52008pt on input line 8.
LaTeX Font Info:    Font shape `OML/mdbch/m/it' will be
(Font)              scaled to size 16.58891pt on input line 8.
LaTeX Font Info:    Font shape `OML/mdbch/m/it' will be
(Font)              scaled to size 11.52008pt on input line 8.
LaTeX Font Info:    Font shape `OMS/mdbch/m/n' will be
(Font)              scaled to size 16.58891pt on input line 8.
LaTeX Font Info:    Font shape `OMS/mdbch/m/n' will be
(Font)              scaled to size 11.52008pt on input line 8.
LaTeX Font Info:    Font shape `OMX/mdbch/m/n' will be
(Font)              scaled to size 16.58891pt on input line 8.
LaTeX Font Info:    Font shape `OMX/mdbch/m/n' will be
(Font)              scaled to size 11.52008pt on input line 8.
LaTeX Font Info:    Font shape `OML/mdbch/m/n' will be
(Font)              scaled to size 16.58891pt on input line 8.
LaTeX Font Info:    Font shape `OML/mdbch/m/n' will be
(Font)              scaled to size 11.52008pt on input line 8.
LaTeX Font Info:    Font shape `MDA/mdbch/m/n' will be
(Font)              scaled to size 16.58891pt on input line 8.
LaTeX Font Info:    Font shape `MDA/mdbch/m/n' will be
(Font)              scaled to size 11.52008pt on input line 8.
LaTeX Font Info:    Font shape `MDB/mdbch/m/n' will be
(Font)              scaled to size 16.58891pt on input line 8.
LaTeX Font Info:    Font shape `MDB/mdbch/m/n' will be
(Font)              scaled to size 11.52008pt on input line 8.
LaTeX Font Info:    Font shape `OT1/mdbch/b/n' will be
(Font)              scaled to size 16.58891pt on input line 8.
LaTeX Font Info:    Font shape `OT1/mdbch/b/n' will be
(Font)              scaled to size 11.52008pt on input line 8.
LaTeX Font Info:    Font shape `OML/mdbch/b/it' will be
(Font)              scaled to size 16.58891pt on input line 8.
LaTeX Font Info:    Font shape `OML/mdbch/b/it' will be
(Font)              scaled to size 11.52008pt on input line 8.
LaTeX Font Info:    Font shape `OMS/mdbch/b/n' will be
(Font)              scaled to size 16.58891pt on input line 8.
LaTeX Font Info:    Font shape `OMS/mdbch/b/n' will be
(Font)              scaled to size 11.52008pt on input line 8.
LaTeX Font Info:    Font shape `OMX/mdbch/b/n' will be
(Font)              scaled to size 16.58891pt on input line 8.
LaTeX Font Info:    Font shape `OMX/mdbch/b/n' will be
(Font)              scaled to size 11.52008pt on input line 8.
<figs/logo.png, id=363, 96.36pt x 96.36pt>
File: figs/logo.png Graphic file (type png)
<use figs/logo.png>
Package pdftex.def Info: figs/logo.png  used on input line 12.
(pdftex.def)             Requested size: 96.35974pt x 96.35974pt.
) [16] [17 <./figs/logo.png>]
<figs/distributions.pdf, id=388, page=31, 240.9pt x 240.9pt>
File: figs/distributions.pdf Graphic file (type pdf)
<use figs/distributions.pdf, page 31>
Package pdftex.def Info: figs/distributions.pdf , page31 used on input line 805
.
(pdftex.def)             Requested size: 140.84192pt x 140.8469pt.
<figs/distributions.pdf, id=389, page=12, 240.9pt x 240.9pt>
File: figs/distributions.pdf Graphic file (type pdf)
<use figs/distributions.pdf, page 12>
Package pdftex.def Info: figs/distributions.pdf , page12 used on input line 806
.
(pdftex.def)             Requested size: 140.84192pt x 140.8469pt.
<figs/distributions.pdf, id=390, page=7, 240.9pt x 240.9pt>
File: figs/distributions.pdf Graphic file (type pdf)
<use figs/distributions.pdf, page 7>
Package pdftex.def Info: figs/distributions.pdf , page7 used on input line 807.

(pdftex.def)             Requested size: 140.84192pt x 140.8469pt.
<figs/distributions.pdf, id=391, page=37, 240.9pt x 240.9pt>
File: figs/distributions.pdf Graphic file (type pdf)
<use figs/distributions.pdf, page 37>
Package pdftex.def Info: figs/distributions.pdf , page37 used on input line 808
.
(pdftex.def)             Requested size: 140.84192pt x 140.8469pt.
<figs/distributions.pdf, id=392, page=21, 240.9pt x 240.9pt>
File: figs/distributions.pdf Graphic file (type pdf)
<use figs/distributions.pdf, page 21>
Package pdftex.def Info: figs/distributions.pdf , page21 used on input line 809
.
(pdftex.def)             Requested size: 140.84192pt x 140.8469pt.
<figs/distributions.pdf, id=393, page=8, 240.9pt x 240.9pt>
File: figs/distributions.pdf Graphic file (type pdf)
<use figs/distributions.pdf, page 8>
Package pdftex.def Info: figs/distributions.pdf , page8 used on input line 810.

(pdftex.def)             Requested size: 140.84192pt x 140.8469pt.
<figs/distributions.pdf, id=394, page=43, 240.9pt x 240.9pt>
File: figs/distributions.pdf Graphic file (type pdf)
<use figs/distributions.pdf, page 43>
Package pdftex.def Info: figs/distributions.pdf , page43 used on input line 811
.
(pdftex.def)             Requested size: 140.84192pt x 140.8469pt.
<figs/distributions.pdf, id=395, page=19, 240.9pt x 240.9pt>
File: figs/distributions.pdf Graphic file (type pdf)
<use figs/distributions.pdf, page 19>
Package pdftex.def Info: figs/distributions.pdf , page19 used on input line 812
.
(pdftex.def)             Requested size: 140.84192pt x 140.8469pt.
<figs/distributions.pdf, id=396, page=9, 240.9pt x 240.9pt>
File: figs/distributions.pdf Graphic file (type pdf)
<use figs/distributions.pdf, page 9>
Package pdftex.def Info: figs/distributions.pdf , page9 used on input line 813.

(pdftex.def)             Requested size: 140.84192pt x 140.8469pt.
<figs/distributions.pdf, id=397, page=29, 240.9pt x 240.9pt>
File: figs/distributions.pdf Graphic file (type pdf)
<use figs/distributions.pdf, page 29>
Package pdftex.def Info: figs/distributions.pdf , page29 used on input line 814
.
(pdftex.def)             Requested size: 140.84192pt x 140.8469pt.
<figs/distributions.pdf, id=398, page=24, 240.9pt x 240.9pt>
File: figs/distributions.pdf Graphic file (type pdf)
<use figs/distributions.pdf, page 24>
Package pdftex.def Info: figs/distributions.pdf , page24 used on input line 815
.
(pdftex.def)             Requested size: 140.84192pt x 140.8469pt.
<figs/distributions.pdf, id=399, page=10, 240.9pt x 240.9pt>
File: figs/distributions.pdf Graphic file (type pdf)
<use figs/distributions.pdf, page 10>
Package pdftex.def Info: figs/distributions.pdf , page10 used on input line 816
.
(pdftex.def)             Requested size: 140.84192pt x 140.8469pt.


LaTeX Warning: Citation `Spinner:2024hjm' on page 18 undefined on input line 81
7.


LaTeX Warning: Citation `Spinner:2024hjm' on page 18 undefined on input line 81
7.

<figs/data_efficiency_NLL.pdf, id=400, 361.35pt x 361.35pt>
File: figs/data_efficiency_NLL.pdf Graphic file (type pdf)
<use figs/data_efficiency_NLL.pdf>
Package pdftex.def Info: figs/data_efficiency_NLL.pdf  used on input line 824.
(pdftex.def)             Requested size: 209.1301pt x 209.13101pt.
<figs/data_efficiency_AUC.pdf, id=401, 361.35pt x 361.35pt>
File: figs/data_efficiency_AUC.pdf Graphic file (type pdf)
<use figs/data_efficiency_AUC.pdf>
Package pdftex.def Info: figs/data_efficiency_AUC.pdf  used on input line 825.
(pdftex.def)             Requested size: 209.1301pt x 209.13101pt.
<figs/multiplicity_NLL.pdf, id=402, 361.35pt x 361.35pt>
File: figs/multiplicity_NLL.pdf Graphic file (type pdf)
<use figs/multiplicity_NLL.pdf>
Package pdftex.def Info: figs/multiplicity_NLL.pdf  used on input line 826.
(pdftex.def)             Requested size: 209.1301pt x 209.13101pt.
<figs/multiplicity_AUC.pdf, id=403, 361.35pt x 361.35pt>
File: figs/multiplicity_AUC.pdf Graphic file (type pdf)
<use figs/multiplicity_AUC.pdf>
Package pdftex.def Info: figs/multiplicity_AUC.pdf  used on input line 827.
(pdftex.def)             Requested size: 209.1301pt x 209.13101pt.

LaTeX Warning: Citation `Spinner:2024hjm' on page 18 undefined on input line 82
8.


LaTeX Warning: Citation `Spinner:2024hjm' on page 18 undefined on input line 82
8.

[18] [19 <./figs/distributions.pdf> <./figs/distributions.pdf> <./figs/distribu
tions.pdf> <./figs/distributions.pdf> <./figs/distributions.pdf> <./figs/distri
butions.pdf> <./figs/distributions.pdf> <./figs/distributions.pdf> <./figs/dist
ributions.pdf> <./figs/distributions.pdf> <./figs/distributions.pdf> <./figs/di
stributions.pdf>] [20 <./figs/data_efficiency_NLL.pdf> <./figs/data_efficiency_
AUC.pdf> <./figs/multiplicity_NLL.pdf> <./figs/multiplicity_AUC.pdf>]
LaTeX Font Info:    Font shape `T1/mdbch/m/sl' will be
(Font)              scaled to size 10.51207pt on input line 860.

No file paper_clean.bbl.

LaTeX Warning: Citation `zaheer2017deep' on page 21 undefined on input line 881
.

[21
design size mismatch in local font md-chro8t in virtual font mdbchro8t.vf ignor
ed.]
LaTeX Font Info:    Font shape `T1/mdbch/b/n' will be
(Font)              scaled to size 6.72005pt on input line 894.


LaTeX Warning: Citation `ruhe2023clifford' on page 22 undefined on input line 8
94.


LaTeX Warning: Citation `adam' on page 22 undefined on input line 897.


LaTeX Warning: Citation `adam' on page 22 undefined on input line 897.


LaTeX Warning: Citation `adam' on page 22 undefined on input line 897.


LaTeX Warning: Citation `adam' on page 22 undefined on input line 897.


LaTeX Warning: Citation `adam' on page 22 undefined on input line 897.


LaTeX Warning: Citation `adam' on page 22 undefined on input line 897.


LaTeX Warning: Citation `chen2023symbolic' on page 22 undefined on input line 9
28.


LaTeX Warning: Citation `DBLP:journals/corr/LoshchilovH16a' on page 22 undefine
d on input line 931.


LaTeX Warning: Citation `chen2023symbolic' on page 22 undefined on input line 9
41.


LaTeX Warning: Citation `Qu:2022mxj' on page 22 undefined on input line 943.

[22]

LaTeX Warning: Citation `adam' on page 23 undefined on input line 965.


LaTeX Warning: Citation `adam' on page 23 undefined on input line 965.


LaTeX Warning: Citation `adam' on page 23 undefined on input line 965.

[23] [24] 
enddocument/afterlastpage: lastpage setting LastPage.
(./paper_clean.aux)
 ***********
LaTeX2e <2023-11-01> patch level 1
L3 programming layer <2024-02-20>
 ***********


LaTeX Warning: There were undefined references.

Package rerunfilecheck Info: File `paper_clean.out' has not changed.
(rerunfilecheck)             Checksum: F061FA9AA287B68A030327146C385A3D;2168.
 ) 
Here is how much of TeX's memory you used:
 47496 strings out of 474116
 996651 string characters out of 5743681
 1955187 words of memory out of 5000000
 68902 multiletter control sequences out of 15000+600000
 679257 words of font info for 264 fonts, out of 8000000 for 9000
 1141 hyphenation exceptions out of 8191
 105i,16n,107p,1850b,1062s stack positions out of 10000i,1000n,20000p,200000b,200000s
</usr/local/texlive/2024/texmf-dist/fonts/type1/bitstrea/charter/bchb8a.pfb><
/usr/local/texlive/2024/texmf-dist/fonts/type1/bitstrea/charter/bchr8a.pfb></us
r/local/texlive/2024/texmf-dist/fonts/type1/bitstrea/charter/bchr8a.pfb></usr/l
ocal/texlive/2024/texmf-dist/fonts/type1/bitstrea/charter/bchri8a.pfb></usr/loc
al/texlive/2024/texmf-dist/fonts/type1/public/amsfonts/cm/cmsy10.pfb></usr/loca
l/texlive/2024/texmf-dist/fonts/type1/public/mathdesign/mdbch/md-chr7m.pfb></us
r/local/texlive/2024/texmf-dist/fonts/type1/public/mathdesign/mdbch/md-chr7t.pf
b></usr/local/texlive/2024/texmf-dist/fonts/type1/public/mathdesign/mdbch/md-ch
r7v.pfb></usr/local/texlive/2024/texmf-dist/fonts/type1/public/mathdesign/mdbch
/md-chr7y.pfb></usr/local/texlive/2024/texmf-dist/fonts/type1/public/mathdesign
/mdbch/md-chr8t.pfb></usr/local/texlive/2024/texmf-dist/fonts/type1/public/math
design/mdbch/md-chri7m.pfb></usr/local/texlive/2024/texmf-dist/fonts/type1/publ
ic/mathdesign/mdbch/md-chrma.pfb></usr/local/texlive/2024/texmf-dist/fonts/type
1/urw/zapfding/uzdr.pfb>
Output written on paper_clean.pdf (24 pages, 542026 bytes).
PDF statistics:
 611 PDF objects out of 1000 (max. 8388607)
 463 compressed objects within 5 object streams
 92 named destinations out of 1000 (max. 500000)
 365 words of extra memory for PDF output out of 10000 (max. 10000000)

